-- --------------------------------------------------------
-- 호스트:                          127.0.0.1
-- 서버 버전:                        10.5.18-MariaDB - mariadb.org binary distribution
-- 서버 OS:                        Win64
-- HeidiSQL 버전:                  11.3.0.6295
-- --------------------------------------------------------

/*!40101 SET @OLD_CHARACTER_SET_CLIENT=@@CHARACTER_SET_CLIENT */;
/*!40101 SET NAMES utf8 */;
/*!50503 SET NAMES utf8mb4 */;
/*!40014 SET @OLD_FOREIGN_KEY_CHECKS=@@FOREIGN_KEY_CHECKS, FOREIGN_KEY_CHECKS=0 */;
/*!40101 SET @OLD_SQL_MODE=@@SQL_MODE, SQL_MODE='NO_AUTO_VALUE_ON_ZERO' */;
/*!40111 SET @OLD_SQL_NOTES=@@SQL_NOTES, SQL_NOTES=0 */;


-- javacafe 데이터베이스 구조 내보내기
CREATE DATABASE IF NOT EXISTS `javacafe` /*!40100 DEFAULT CHARACTER SET utf8 COLLATE utf8_general_ci */;
USE `javacafe`;

-- 테이블 javacafe.admin 구조 내보내기
CREATE TABLE IF NOT EXISTS `admin` (
  `id` varchar(100) NOT NULL,
  `pw` varchar(100) NOT NULL,
  PRIMARY KEY (`id`)
) ENGINE=InnoDB DEFAULT CHARSET=utf8 COLLATE=utf8_general_ci;

-- 테이블 데이터 javacafe.admin:~6 rows (대략적) 내보내기
/*!40000 ALTER TABLE `admin` DISABLE KEYS */;
INSERT INTO `admin` (`id`, `pw`) VALUES
	('abc1', '$2a$10$2C9RyFItuHRZlzQJEIE5Z.wAQgB7PKEW/L8awVfiwF/xmQ4uiJ2wC'),
	('abc2', '$2a$10$vD/dd7nR/qs6yqjTqFeZHO.2BA/RUNmukqOp8dEpcx3he46IbqdS.'),
	('abc23', '$2a$10$/EXMK3l.Pqj2roN5YUTSmuYAyFAWa8nQNaebY3LC15oDOEO6jeKAu'),
	('abc3', '$2a$10$DG0iO0DJz96NqR6sYgMTxeA/wxmzEN8UVN2cpa02Iw2iB.TepIz4O'),
	('abc44', '$2a$10$Saj3jIuR4WFJ1MlfKGKh0uf1RHWFLHxsokoLOqHowsswCxYAmwHf6'),
	('admin', '$2a$10$w/BeQ21hux2tJvPsLGQaguaTzQEpHkxWTVkWteX8Gt791bGdaKJxW');
/*!40000 ALTER TABLE `admin` ENABLE KEYS */;

-- 테이블 javacafe.admin_role_set 구조 내보내기
CREATE TABLE IF NOT EXISTS `admin_role_set` (
  `admin_id` varchar(100) NOT NULL,
  `role_set` int(11) DEFAULT NULL,
  KEY `FK3jqnx2rxv3n8h6e6e58ndtvi9` (`admin_id`),
  CONSTRAINT `FK3jqnx2rxv3n8h6e6e58ndtvi9` FOREIGN KEY (`admin_id`) REFERENCES `admin` (`id`)
) ENGINE=InnoDB DEFAULT CHARSET=utf8 COLLATE=utf8_general_ci COMMENT='Role테이블입니다 (권한부여관련 테이블 현재는 ADMIN하나만있음)';

-- 테이블 데이터 javacafe.admin_role_set:~6 rows (대략적) 내보내기
/*!40000 ALTER TABLE `admin_role_set` DISABLE KEYS */;
INSERT INTO `admin_role_set` (`admin_id`, `role_set`) VALUES
	('admin', 0),
	('abc1', 0),
	('abc2', 0),
	('abc3', 0),
	('abc23', 0),
	('abc44', 0);
/*!40000 ALTER TABLE `admin_role_set` ENABLE KEYS */;

-- 테이블 javacafe.board 구조 내보내기
CREATE TABLE IF NOT EXISTS `board` (
  `bno` bigint(20) NOT NULL AUTO_INCREMENT,
  `moddate` datetime(6) DEFAULT NULL,
  `regdate` datetime(6) DEFAULT NULL,
  `content` varchar(2000) NOT NULL,
  `title` varchar(500) NOT NULL,
  `writer` varchar(50) NOT NULL,
  PRIMARY KEY (`bno`)
) ENGINE=InnoDB AUTO_INCREMENT=4 DEFAULT CHARSET=utf8 COLLATE=utf8_general_ci;

-- 테이블 데이터 javacafe.board:~2 rows (대략적) 내보내기
/*!40000 ALTER TABLE `board` DISABLE KEYS */;
INSERT INTO `board` (`bno`, `moddate`, `regdate`, `content`, `title`, `writer`) VALUES
	(1, '2023-03-08 09:46:55.363374', '2023-02-24 12:26:26.000000', '수정테스트', 'Test', 'user00'),
	(2, '2023-02-27 17:27:34.937191', '2023-02-27 17:27:34.937191', '', '', '');
/*!40000 ALTER TABLE `board` ENABLE KEYS */;

-- 테이블 javacafe.customer 구조 내보내기
CREATE TABLE IF NOT EXISTS `customer` (
  `cno` bigint(20) NOT NULL AUTO_INCREMENT,
  `cname` varchar(200) NOT NULL,
  `cphone` varchar(200) DEFAULT NULL,
  `cpoint` bigint(20) NOT NULL DEFAULT 0,
  `regdate` datetime(6) DEFAULT NULL,
  `moddate` datetime(6) DEFAULT NULL,
  PRIMARY KEY (`cno`)
) ENGINE=InnoDB AUTO_INCREMENT=300 DEFAULT CHARSET=utf8 COLLATE=utf8_general_ci;

-- 테이블 데이터 javacafe.customer:~218 rows (대략적) 내보내기
/*!40000 ALTER TABLE `customer` DISABLE KEYS */;
INSERT INTO `customer` (`cno`, `cname`, `cphone`, `cpoint`, `regdate`, `moddate`) VALUES
	(1, '홍길동', '010-9999-9999', 8000, '2023-03-03 12:19:17.787397', '2023-03-03 12:19:17.787397'),
	(2, '유관순', '010-6666-6666', 5000, '2023-03-03 12:21:09.831863', '2023-03-03 12:21:09.831863'),
	(3, '이순신', '010-1111-1111', 7400, '2023-03-03 12:30:43.188757', '2023-03-16 14:26:06.337054'),
	(4, '허준', '010-3333-4444', 2000, '2023-03-03 12:32:12.272369', '2023-03-03 12:32:12.272369'),
	(5, '홍길동', '010-9999-9999', 8000, '2023-03-03 12:19:17.787397', '2023-03-03 12:19:17.787397'),
	(6, '유관순', '010-6666-6666', 5000, '2023-03-03 12:21:09.831863', '2023-03-03 12:21:09.831863'),
	(7, '이순신', '010-1111-1111', 3500, '2023-03-03 12:30:43.188757', '2023-03-03 12:30:43.188757'),
	(8, '허준', '010-3333-4444', 2000, '2023-03-03 12:32:12.272369', '2023-03-03 12:32:12.272369'),
	(12, '홍길동', '010-9999-9999', 8000, '2023-03-03 12:19:17.787397', '2023-03-03 12:19:17.787397'),
	(13, '유관순', '010-6666-6666', 5000, '2023-03-03 12:21:09.831863', '2023-03-03 12:21:09.831863'),
	(14, '이순신', '010-1111-1111', 3500, '2023-03-03 12:30:43.188757', '2023-03-03 12:30:43.188757'),
	(15, '허준', '010-3333-4444', 2000, '2023-03-03 12:32:12.272369', '2023-03-03 12:32:12.272369'),
	(16, '홍길동', '010-9999-9999', 8000, '2023-03-03 12:19:17.787397', '2023-03-03 12:19:17.787397'),
	(17, '유관순', '010-6666-6666', 5000, '2023-03-03 12:21:09.831863', '2023-03-03 12:21:09.831863'),
	(18, '이순신', '010-1111-1111', 3500, '2023-03-03 12:30:43.188757', '2023-03-03 12:30:43.188757'),
	(19, '허준', '010-3333-4444', 2000, '2023-03-03 12:32:12.272369', '2023-03-03 12:32:12.272369'),
	(27, '홍길동', '010-9999-9999', 8000, '2023-03-03 12:19:17.787397', '2023-03-03 12:19:17.787397'),
	(28, '유관순', '010-6666-6666', 5000, '2023-03-03 12:21:09.831863', '2023-03-03 12:21:09.831863'),
	(29, '주몽', '010-5547-8857', 0, '2023-03-03 12:30:43.188757', '2023-03-03 13:20:03.614492'),
	(30, '허준', '010-3333-4444', 2000, '2023-03-03 12:32:12.272369', '2023-03-03 12:32:12.272369'),
	(31, '홍길동', '010-9999-9999', 8000, '2023-03-03 12:19:17.787397', '2023-03-03 12:19:17.787397'),
	(32, '유관순', '010-6666-6666', 5000, '2023-03-03 12:21:09.831863', '2023-03-03 12:21:09.831863'),
	(33, '이순신', '010-1111-1111', 3500, '2023-03-03 12:30:43.188757', '2023-03-03 12:30:43.188757'),
	(34, '허준', '010-3333-4444', 2000, '2023-03-03 12:32:12.272369', '2023-03-03 12:32:12.272369'),
	(35, '홍길동', '010-9999-9999', 8000, '2023-03-03 12:19:17.787397', '2023-03-03 12:19:17.787397'),
	(36, '유관순', '010-6666-6666', 5000, '2023-03-03 12:21:09.831863', '2023-03-03 12:21:09.831863'),
	(37, '이순신', '010-1111-1111', 3500, '2023-03-03 12:30:43.188757', '2023-03-03 12:30:43.188757'),
	(38, '허준', '010-3333-4444', 2000, '2023-03-03 12:32:12.272369', '2023-03-03 12:32:12.272369'),
	(39, '홍길동', '010-9999-9999', 8000, '2023-03-03 12:19:17.787397', '2023-03-03 12:19:17.787397'),
	(40, '유관순', '010-6666-6666', 5000, '2023-03-03 12:21:09.831863', '2023-03-03 12:21:09.831863'),
	(41, '이순신', '010-1111-1111', 3500, '2023-03-03 12:30:43.188757', '2023-03-03 12:30:43.188757'),
	(42, '허준', '010-3333-4444', 2000, '2023-03-03 12:32:12.272369', '2023-03-03 12:32:12.272369'),
	(58, '홍길동', '010-9999-9999', 8000, '2023-03-03 12:19:17.787397', '2023-03-03 12:19:17.787397'),
	(59, '유관순', '010-6666-6666', 5000, '2023-03-03 12:21:09.831863', '2023-03-03 12:21:09.831863'),
	(60, '이순신', '010-1111-1111', 3500, '2023-03-03 12:30:43.188757', '2023-03-03 12:30:43.188757'),
	(61, '허준', '010-3333-4444', 2000, '2023-03-03 12:32:12.272369', '2023-03-03 12:32:12.272369'),
	(62, '홍길동', '010-9999-9999', 8000, '2023-03-03 12:19:17.787397', '2023-03-03 12:19:17.787397'),
	(63, '유관순', '010-6666-6666', 5000, '2023-03-03 12:21:09.831863', '2023-03-03 12:21:09.831863'),
	(64, '이순신', '010-1111-1111', 3500, '2023-03-03 12:30:43.188757', '2023-03-03 12:30:43.188757'),
	(65, '허준', '010-3333-4444', 2000, '2023-03-03 12:32:12.272369', '2023-03-03 12:32:12.272369'),
	(66, '홍길동', '010-9999-9999', 8000, '2023-03-03 12:19:17.787397', '2023-03-03 12:19:17.787397'),
	(67, '유관순', '010-6666-6666', 5000, '2023-03-03 12:21:09.831863', '2023-03-03 12:21:09.831863'),
	(68, '이순신', '010-1111-1111', 3500, '2023-03-03 12:30:43.188757', '2023-03-03 12:30:43.188757'),
	(69, '허준', '010-3333-4444', 2000, '2023-03-03 12:32:12.272369', '2023-03-03 12:32:12.272369'),
	(70, '홍길동', '010-9999-9999', 8000, '2023-03-03 12:19:17.787397', '2023-03-03 12:19:17.787397'),
	(71, '유관순', '010-6666-6666', 5000, '2023-03-03 12:21:09.831863', '2023-03-03 12:21:09.831863'),
	(72, '이순신', '010-1111-1111', 3500, '2023-03-03 12:30:43.188757', '2023-03-03 12:30:43.188757'),
	(73, '허준', '010-3333-4444', 2000, '2023-03-03 12:32:12.272369', '2023-03-03 12:32:12.272369'),
	(74, '홍길동', '010-9999-9999', 8000, '2023-03-03 12:19:17.787397', '2023-03-03 12:19:17.787397'),
	(75, '유관순', '010-6666-6666', 5000, '2023-03-03 12:21:09.831863', '2023-03-03 12:21:09.831863'),
	(76, '이순신', '010-1111-1111', 3500, '2023-03-03 12:30:43.188757', '2023-03-03 12:30:43.188757'),
	(77, '허준', '010-3333-4444', 2000, '2023-03-03 12:32:12.272369', '2023-03-03 12:32:12.272369'),
	(78, '홍길동', '010-9999-9999', 8000, '2023-03-03 12:19:17.787397', '2023-03-03 12:19:17.787397'),
	(79, '유관순', '010-6666-6666', 5000, '2023-03-03 12:21:09.831863', '2023-03-03 12:21:09.831863'),
	(80, '이순신', '010-1111-1111', 3500, '2023-03-03 12:30:43.188757', '2023-03-03 12:30:43.188757'),
	(81, '허준', '010-3333-4444', 2000, '2023-03-03 12:32:12.272369', '2023-03-03 12:32:12.272369'),
	(82, '홍길동', '010-9999-9999', 8000, '2023-03-03 12:19:17.787397', '2023-03-03 12:19:17.787397'),
	(83, '유관순', '010-6666-6666', 5000, '2023-03-03 12:21:09.831863', '2023-03-03 12:21:09.831863'),
	(84, '이순신', '010-1111-1111', 3500, '2023-03-03 12:30:43.188757', '2023-03-03 12:30:43.188757'),
	(85, '허준', '010-3333-4444', 2000, '2023-03-03 12:32:12.272369', '2023-03-03 12:32:12.272369'),
	(86, '홍길동', '010-9999-9999', 8000, '2023-03-03 12:19:17.787397', '2023-03-03 12:19:17.787397'),
	(87, '유관순', '010-6666-6666', 5000, '2023-03-03 12:21:09.831863', '2023-03-03 12:21:09.831863'),
	(88, '이순신', '010-1111-1111', 3500, '2023-03-03 12:30:43.188757', '2023-03-03 12:30:43.188757'),
	(89, '허준', '010-3333-4444', 2000, '2023-03-03 12:32:12.272369', '2023-03-03 12:32:12.272369'),
	(121, '홍길동', '010-9999-9999', 8000, '2023-03-03 12:19:17.787397', '2023-03-03 12:19:17.787397'),
	(122, '유관순', '010-6666-6666', 5000, '2023-03-03 12:21:09.831863', '2023-03-03 12:21:09.831863'),
	(123, '이순신', '010-1111-1111', 3500, '2023-03-03 12:30:43.188757', '2023-03-03 12:30:43.188757'),
	(124, '허준', '010-3333-4444', 2000, '2023-03-03 12:32:12.272369', '2023-03-03 12:32:12.272369'),
	(125, '홍길동', '010-9999-9999', 8000, '2023-03-03 12:19:17.787397', '2023-03-03 12:19:17.787397'),
	(126, '유관순', '010-6666-6666', 5000, '2023-03-03 12:21:09.831863', '2023-03-03 12:21:09.831863'),
	(127, '이순신', '010-1111-1111', 3500, '2023-03-03 12:30:43.188757', '2023-03-03 12:30:43.188757'),
	(128, '허준', '010-3333-4444', 2000, '2023-03-03 12:32:12.272369', '2023-03-03 12:32:12.272369'),
	(129, '홍길동', '010-9999-9999', 8000, '2023-03-03 12:19:17.787397', '2023-03-03 12:19:17.787397'),
	(130, '유관순', '010-6666-6666', 5000, '2023-03-03 12:21:09.831863', '2023-03-03 12:21:09.831863'),
	(131, '이순신', '010-1111-1111', 3500, '2023-03-03 12:30:43.188757', '2023-03-03 12:30:43.188757'),
	(132, '허준', '010-3333-4444', 2000, '2023-03-03 12:32:12.272369', '2023-03-03 12:32:12.272369'),
	(133, '홍길동', '010-9999-9999', 8000, '2023-03-03 12:19:17.787397', '2023-03-03 12:19:17.787397'),
	(134, '유관순', '010-6666-6666', 5000, '2023-03-03 12:21:09.831863', '2023-03-03 12:21:09.831863'),
	(135, '이순신', '010-1111-1111', 3500, '2023-03-03 12:30:43.188757', '2023-03-03 12:30:43.188757'),
	(136, '허준', '010-3333-4444', 2000, '2023-03-03 12:32:12.272369', '2023-03-03 12:32:12.272369'),
	(137, '홍길동', '010-9999-9999', 8000, '2023-03-03 12:19:17.787397', '2023-03-03 12:19:17.787397'),
	(138, '유관순', '010-6666-6666', 5000, '2023-03-03 12:21:09.831863', '2023-03-03 12:21:09.831863'),
	(139, '이순신', '010-1111-1111', 3500, '2023-03-03 12:30:43.188757', '2023-03-03 12:30:43.188757'),
	(140, '허준', '010-3333-4444', 2000, '2023-03-03 12:32:12.272369', '2023-03-03 12:32:12.272369'),
	(141, '홍길동', '010-9999-9999', 8000, '2023-03-03 12:19:17.787397', '2023-03-03 12:19:17.787397'),
	(142, '유관순', '010-6666-6666', 5000, '2023-03-03 12:21:09.831863', '2023-03-03 12:21:09.831863'),
	(143, '이순신', '010-1111-1111', 3500, '2023-03-03 12:30:43.188757', '2023-03-03 12:30:43.188757'),
	(144, '허준', '010-3333-4444', 2000, '2023-03-03 12:32:12.272369', '2023-03-03 12:32:12.272369'),
	(145, '홍길동', '010-9999-9999', 8000, '2023-03-03 12:19:17.787397', '2023-03-03 12:19:17.787397'),
	(146, '유관순', '010-6666-6666', 5000, '2023-03-03 12:21:09.831863', '2023-03-03 12:21:09.831863'),
	(147, '이순신', '010-1111-1111', 3500, '2023-03-03 12:30:43.188757', '2023-03-03 12:30:43.188757'),
	(148, '허준', '010-3333-4444', 2000, '2023-03-03 12:32:12.272369', '2023-03-03 12:32:12.272369'),
	(149, '홍길동', '010-9999-9999', 8000, '2023-03-03 12:19:17.787397', '2023-03-03 12:19:17.787397'),
	(150, '유관순', '010-6666-6666', 5000, '2023-03-03 12:21:09.831863', '2023-03-03 12:21:09.831863'),
	(151, '이순신', '010-1111-1111', 3500, '2023-03-03 12:30:43.188757', '2023-03-03 12:30:43.188757'),
	(152, '허준', '010-3333-4444', 2000, '2023-03-03 12:32:12.272369', '2023-03-03 12:32:12.272369'),
	(153, '홍길동', '010-9999-9999', 8000, '2023-03-03 12:19:17.787397', '2023-03-03 12:19:17.787397'),
	(154, '유관순', '010-6666-6666', 5000, '2023-03-03 12:21:09.831863', '2023-03-03 12:21:09.831863'),
	(155, '이순신', '010-1111-1111', 3500, '2023-03-03 12:30:43.188757', '2023-03-03 12:30:43.188757'),
	(156, '허준', '010-3333-4444', 2000, '2023-03-03 12:32:12.272369', '2023-03-03 12:32:12.272369'),
	(157, '홍길동', '010-9999-9999', 8000, '2023-03-03 12:19:17.787397', '2023-03-03 12:19:17.787397'),
	(158, '유관순', '010-6666-6666', 5000, '2023-03-03 12:21:09.831863', '2023-03-03 12:21:09.831863'),
	(159, '이순신', '010-1111-1111', 3500, '2023-03-03 12:30:43.188757', '2023-03-03 12:30:43.188757'),
	(160, '허준', '010-3333-4444', 2000, '2023-03-03 12:32:12.272369', '2023-03-03 12:32:12.272369'),
	(161, '홍길동', '010-9999-9999', 8000, '2023-03-03 12:19:17.787397', '2023-03-03 12:19:17.787397'),
	(162, '유관순', '010-6666-6666', 5000, '2023-03-03 12:21:09.831863', '2023-03-03 12:21:09.831863'),
	(163, '이순신', '010-1111-1111', 3500, '2023-03-03 12:30:43.188757', '2023-03-03 12:30:43.188757'),
	(164, '허준', '010-3333-4444', 2000, '2023-03-03 12:32:12.272369', '2023-03-03 12:32:12.272369'),
	(165, '홍길동', '010-9999-9999', 8075, '2023-03-03 12:19:17.787397', '2023-03-08 10:21:22.344537'),
	(166, '유관순', '010-6666-6666', 5000, '2023-03-03 12:21:09.831863', '2023-03-03 12:21:09.831863'),
	(168, '허준', '010-3333-4444', 2000, '2023-03-03 12:32:12.272369', '2023-03-03 12:32:12.272369'),
	(169, '홍길동', '010-9999-9999', 1500, '2023-03-03 12:19:17.787397', '2023-03-07 17:57:39.573878'),
	(170, '유관순', '010-6666-6666', 5000, '2023-03-03 12:21:09.831863', '2023-03-03 12:21:09.831863'),
	(171, '여우', '010-3333-5741', 165300, '2023-03-03 12:30:43.188757', '2023-03-07 11:06:34.195229'),
	(194, '유재현', '010-5408-1234', 9650, '2023-03-07 10:58:30.842717', '2023-03-14 10:06:04.005603'),
	(197, '안재림', '010-4451-0515', 513794210, '2023-03-14 10:09:13.048552', '2023-03-16 14:35:33.763460'),
	(198, '박민규', '010-7795-0096', -3775, '2023-03-14 13:02:20.267015', '2023-03-14 13:11:08.935225'),
	(199, '이소정', '010-8414-4865', 25000000000000, '2023-03-14 15:54:56.116343', '2023-03-14 15:55:47.806556'),
	(200, '강감찬', '017-576-3122', 0, '2023-03-16 11:38:52.542672', '2023-03-16 11:38:52.542672'),
	(201, '강감찬', '017-576-3122', 0, '2023-03-16 11:38:52.628561', '2023-03-16 11:38:52.628561'),
	(202, '강감찬', '017-576-3122', 0, '2023-03-16 11:38:52.642224', '2023-03-16 11:38:52.642224'),
	(203, '강감찬', '017-576-3122', 0, '2023-03-16 11:38:52.647104', '2023-03-16 11:38:52.647104'),
	(204, '강감찬', '017-576-3122', 0, '2023-03-16 11:38:52.656865', '2023-03-16 11:38:52.656865'),
	(205, '강감찬', '017-576-3122', 0, '2023-03-16 11:38:52.663696', '2023-03-16 11:38:52.663696'),
	(206, '강감찬', '017-576-3122', 0, '2023-03-16 11:38:52.670528', '2023-03-16 11:38:52.670528'),
	(207, '강감찬', '017-576-3122', 0, '2023-03-16 11:38:52.674432', '2023-03-16 11:38:52.674432'),
	(208, '강감찬', '017-576-3122', 0, '2023-03-16 11:38:52.680288', '2023-03-16 11:38:52.680288'),
	(209, '강감찬', '017-576-3122', 0, '2023-03-16 11:38:52.690048', '2023-03-16 11:38:52.690048'),
	(210, '강감찬', '017-576-3122', 0, '2023-03-16 11:38:52.693952', '2023-03-16 11:38:52.693952'),
	(211, '강감찬', '017-576-3122', 0, '2023-03-16 11:38:52.700784', '2023-03-16 11:38:52.700784'),
	(212, '강감찬', '017-576-3122', 0, '2023-03-16 11:38:52.704688', '2023-03-16 11:38:52.704688'),
	(213, '강감찬', '017-576-3122', 0, '2023-03-16 11:38:52.708593', '2023-03-16 11:38:52.708593'),
	(214, '강감찬', '017-576-3122', 0, '2023-03-16 11:38:52.711520', '2023-03-16 11:38:52.711520'),
	(215, '강감찬', '017-576-3122', 0, '2023-03-16 11:38:52.717376', '2023-03-16 11:38:52.717376'),
	(216, '강감찬', '017-576-3122', 0, '2023-03-16 11:38:52.720304', '2023-03-16 11:38:52.720304'),
	(217, '강감찬', '017-576-3122', 0, '2023-03-16 11:38:52.723233', '2023-03-16 11:38:52.723233'),
	(218, '강감찬', '017-576-3122', 0, '2023-03-16 11:38:52.726160', '2023-03-16 11:38:52.726160'),
	(219, '강감찬', '017-576-3122', 0, '2023-03-16 11:38:52.730064', '2023-03-16 11:38:52.730064'),
	(220, '강감찬', '017-576-3122', 0, '2023-03-16 11:38:52.733968', '2023-03-16 11:38:52.733968'),
	(221, '강감찬', '017-576-3122', 0, '2023-03-16 11:38:52.736896', '2023-03-16 11:38:52.736896'),
	(222, '강감찬', '017-576-3122', 0, '2023-03-16 11:38:52.739824', '2023-03-16 11:38:52.739824'),
	(223, '강감찬', '017-576-3122', 0, '2023-03-16 11:38:52.743728', '2023-03-16 11:38:52.743728'),
	(224, '강감찬', '017-576-3122', 0, '2023-03-16 11:38:52.746656', '2023-03-16 11:38:52.746656'),
	(225, '강감찬', '017-576-3122', 0, '2023-03-16 11:38:52.754464', '2023-03-16 11:38:52.754464'),
	(226, '강감찬', '017-576-3122', 0, '2023-03-16 11:38:52.757392', '2023-03-16 11:38:52.757392'),
	(227, '강감찬', '017-576-3122', 0, '2023-03-16 11:38:52.760319', '2023-03-16 11:38:52.760319'),
	(228, '강감찬', '017-576-3122', 0, '2023-03-16 11:38:52.764224', '2023-03-16 11:38:52.764224'),
	(229, '강감찬', '017-576-3122', 0, '2023-03-16 11:38:52.767152', '2023-03-16 11:38:52.767152'),
	(230, '강감찬', '017-576-3122', 0, '2023-03-16 11:38:52.771056', '2023-03-16 11:38:52.771056'),
	(231, '강감찬', '017-576-3122', 0, '2023-03-16 11:38:52.774960', '2023-03-16 11:38:52.774960'),
	(232, '강감찬', '017-576-3122', 0, '2023-03-16 11:38:52.778865', '2023-03-16 11:38:52.778865'),
	(233, '강감찬', '017-576-3122', 0, '2023-03-16 11:38:52.780816', '2023-03-16 11:38:52.780816'),
	(234, '강감찬', '017-576-3122', 0, '2023-03-16 11:38:52.784720', '2023-03-16 11:38:52.784720'),
	(235, '강감찬', '017-576-3122', 0, '2023-03-16 11:38:52.787648', '2023-03-16 11:38:52.787648'),
	(236, '강감찬', '017-576-3122', 0, '2023-03-16 11:38:52.790576', '2023-03-16 11:38:52.790576'),
	(237, '강감찬', '017-576-3122', 0, '2023-03-16 11:38:52.793504', '2023-03-16 11:38:52.793504'),
	(238, '강감찬', '017-576-3122', 0, '2023-03-16 11:38:52.797408', '2023-03-16 11:38:52.797408'),
	(239, '강감찬', '017-576-3122', 0, '2023-03-16 11:38:52.802288', '2023-03-16 11:38:52.802288'),
	(240, '강감찬', '017-576-3122', 0, '2023-03-16 11:38:52.808144', '2023-03-16 11:38:52.808144'),
	(241, '강감찬', '017-576-3122', 0, '2023-03-16 11:38:52.812048', '2023-03-16 11:38:52.812048'),
	(242, '강감찬', '017-576-3122', 0, '2023-03-16 11:38:52.820832', '2023-03-16 11:38:52.820832'),
	(243, '강감찬', '017-576-3122', 0, '2023-03-16 11:38:52.825712', '2023-03-16 11:38:52.825712'),
	(244, '강감찬', '017-576-3122', 0, '2023-03-16 11:38:52.829616', '2023-03-16 11:38:52.829616'),
	(245, '강감찬', '017-576-3122', 0, '2023-03-16 11:38:52.834497', '2023-03-16 11:38:52.834497'),
	(246, '강감찬', '017-576-3122', 0, '2023-03-16 11:38:52.838400', '2023-03-16 11:38:52.838400'),
	(247, '강감찬', '017-576-3122', 0, '2023-03-16 11:38:52.841328', '2023-03-16 11:38:52.841328'),
	(248, '강감찬', '017-576-3122', 0, '2023-03-16 11:38:52.844256', '2023-03-16 11:38:52.844256'),
	(249, '강감찬', '017-576-3122', 0, '2023-03-16 11:38:52.847183', '2023-03-16 11:38:52.847183'),
	(250, '강감찬', '017-576-3122', 0, '2023-03-16 11:38:52.850112', '2023-03-16 11:38:52.850112'),
	(251, '강감찬', '017-576-3122', 0, '2023-03-16 11:38:52.853040', '2023-03-16 11:38:52.853040'),
	(252, '강감찬', '017-576-3122', 0, '2023-03-16 11:38:52.856944', '2023-03-16 11:38:52.856944'),
	(253, '강감찬', '017-576-3122', 0, '2023-03-16 11:38:52.858897', '2023-03-16 11:38:52.858897'),
	(254, '강감찬', '017-576-3122', 0, '2023-03-16 11:38:52.862800', '2023-03-16 11:38:52.862800'),
	(255, '강감찬', '017-576-3122', 0, '2023-03-16 11:38:52.866703', '2023-03-16 11:38:52.866703'),
	(256, '강감찬', '017-576-3122', 0, '2023-03-16 11:38:52.869632', '2023-03-16 11:38:52.869632'),
	(257, '강감찬', '017-576-3122', 0, '2023-03-16 11:38:52.872559', '2023-03-16 11:38:52.872559'),
	(258, '강감찬', '017-576-3122', 0, '2023-03-16 11:38:52.876464', '2023-03-16 11:38:52.876464'),
	(259, '강감찬', '017-576-3122', 0, '2023-03-16 11:38:52.880368', '2023-03-16 11:38:52.880368'),
	(260, '강감찬', '017-576-3122', 0, '2023-03-16 11:38:52.885248', '2023-03-16 11:38:52.885248'),
	(261, '강감찬', '017-576-3122', 0, '2023-03-16 11:38:52.889153', '2023-03-16 11:38:52.889153'),
	(262, '강감찬', '017-576-3122', 0, '2023-03-16 11:38:52.895008', '2023-03-16 11:38:52.895008'),
	(263, '강감찬', '017-576-3122', 0, '2023-03-16 11:38:52.899888', '2023-03-16 11:38:52.899888'),
	(264, '강감찬', '017-576-3122', 0, '2023-03-16 11:38:52.905744', '2023-03-16 11:38:52.905744'),
	(265, '강감찬', '017-576-3122', 0, '2023-03-16 11:38:52.911600', '2023-03-16 11:38:52.911600'),
	(266, '강감찬', '017-576-3122', 0, '2023-03-16 11:38:52.915504', '2023-03-16 11:38:52.915504'),
	(267, '강감찬', '017-576-3122', 0, '2023-03-16 11:38:52.920385', '2023-03-16 11:38:52.920385'),
	(268, '강감찬', '017-576-3122', 0, '2023-03-16 11:38:52.923312', '2023-03-16 11:38:52.923312'),
	(269, '강감찬', '017-576-3122', 0, '2023-03-16 11:38:52.926241', '2023-03-16 11:38:52.926241'),
	(270, '강감찬', '017-576-3122', 0, '2023-03-16 11:38:52.928191', '2023-03-16 11:38:52.928191'),
	(271, '강감찬', '017-576-3122', 0, '2023-03-16 11:38:52.931119', '2023-03-16 11:38:52.931119'),
	(272, '강감찬', '017-576-3122', 0, '2023-03-16 11:38:52.935024', '2023-03-16 11:38:52.935024'),
	(273, '강감찬', '017-576-3122', 0, '2023-03-16 11:38:52.939904', '2023-03-16 11:38:52.939904'),
	(274, '강감찬', '017-576-3122', 0, '2023-03-16 11:38:52.942834', '2023-03-16 11:38:52.942834'),
	(275, '강감찬', '017-576-3122', 0, '2023-03-16 11:38:52.945760', '2023-03-16 11:38:52.945760'),
	(276, '강감찬', '017-576-3122', 0, '2023-03-16 11:38:52.949663', '2023-03-16 11:38:52.949663'),
	(277, '강감찬', '017-576-3122', 0, '2023-03-16 11:38:52.956496', '2023-03-16 11:38:52.956496'),
	(278, '강감찬', '017-576-3122', 0, '2023-03-16 11:38:52.960400', '2023-03-16 11:38:52.960400'),
	(279, '강감찬', '017-576-3122', 0, '2023-03-16 11:38:52.967232', '2023-03-16 11:38:52.967232'),
	(280, '강감찬', '017-576-3122', 0, '2023-03-16 11:38:52.971135', '2023-03-16 11:38:52.971135'),
	(281, '강감찬', '017-576-3122', 0, '2023-03-16 11:38:52.974572', '2023-03-16 11:38:52.974572'),
	(282, '강감찬', '017-576-3122', 0, '2023-03-16 11:38:52.977500', '2023-03-16 11:38:52.977500'),
	(283, '강감찬', '017-576-3122', 0, '2023-03-16 11:38:52.979451', '2023-03-16 11:38:52.979451'),
	(284, '강감찬', '017-576-3122', 0, '2023-03-16 11:38:52.984332', '2023-03-16 11:38:52.984332'),
	(285, '강감찬', '017-576-3122', 0, '2023-03-16 11:38:52.988235', '2023-03-16 11:38:52.988235'),
	(286, '강감찬', '017-576-3122', 0, '2023-03-16 11:38:52.992139', '2023-03-16 11:38:52.992139'),
	(287, '강감찬', '017-576-3122', 0, '2023-03-16 11:38:53.001900', '2023-03-16 11:38:53.001900'),
	(288, '강감찬', '017-576-3122', 0, '2023-03-16 11:38:53.005804', '2023-03-16 11:38:53.005804'),
	(289, '강감찬', '017-576-3122', 0, '2023-03-16 11:38:53.009708', '2023-03-16 11:38:53.009708'),
	(290, '강감찬', '017-576-3122', 0, '2023-03-16 11:38:53.012636', '2023-03-16 11:38:53.012636'),
	(291, '강감찬', '017-576-3122', 0, '2023-03-16 11:38:53.016540', '2023-03-16 11:38:53.016540'),
	(292, '강감찬', '017-576-3122', 0, '2023-03-16 11:38:53.023372', '2023-03-16 11:38:53.023372'),
	(293, '강감찬', '017-576-3122', 0, '2023-03-16 11:38:53.026300', '2023-03-16 11:38:53.026300'),
	(294, '강감찬', '017-576-3122', 0, '2023-03-16 11:38:53.030204', '2023-03-16 11:38:53.030204'),
	(295, '강감찬', '017-576-3122', 0, '2023-03-16 11:38:53.036060', '2023-03-16 11:38:53.036060'),
	(296, '강감찬', '017-576-3122', 0, '2023-03-16 11:38:53.041916', '2023-03-16 11:38:53.041916'),
	(297, '강감찬', '017-576-3122', 0, '2023-03-16 11:38:53.045821', '2023-03-16 11:38:53.045821'),
	(298, '강감찬', '017-576-3122', 0, '2023-03-16 11:38:53.051676', '2023-03-16 11:38:53.051676'),
	(299, '강감찬', '017-576-3122', 0, '2023-03-16 11:38:53.056556', '2023-03-16 11:38:53.056556');
/*!40000 ALTER TABLE `customer` ENABLE KEYS */;

-- 테이블 javacafe.event 구조 내보내기
CREATE TABLE IF NOT EXISTS `event` (
  `eno` bigint(20) NOT NULL AUTO_INCREMENT,
  `moddate` datetime(6) DEFAULT NULL,
  `regdate` datetime(6) DEFAULT NULL,
  `econtent` varchar(2000) NOT NULL,
  `etitle` varchar(500) NOT NULL,
  `ewriter` varchar(50) NOT NULL,
  `eimg` varchar(200) DEFAULT NULL,
  PRIMARY KEY (`eno`) USING BTREE
) ENGINE=InnoDB AUTO_INCREMENT=142 DEFAULT CHARSET=utf8 COLLATE=utf8_general_ci;

-- 테이블 데이터 javacafe.event:~141 rows (대략적) 내보내기
/*!40000 ALTER TABLE `event` DISABLE KEYS */;
INSERT INTO `event` (`eno`, `moddate`, `regdate`, `econtent`, `etitle`, `ewriter`, `eimg`) VALUES
	(1, '2023-03-02 15:28:48.330725', '2023-03-02 15:28:48.330725', 'econtent.....2', 'etitle.....2', '자바 카페 담당자2', NULL),
	(2, '2023-03-02 15:28:48.335711', '2023-03-02 15:28:48.335711', 'econtent.....3', 'etitle.....3', '자바 카페 담당자3', NULL),
	(3, '2023-03-02 15:28:48.342693', '2023-03-02 15:28:48.342693', 'econtent.....4', 'etitle.....4', '자바 카페 담당자4', NULL),
	(4, '2023-03-02 15:28:48.348677', '2023-03-02 15:28:48.348677', 'econtent.....5', 'etitle.....5', '자바 카페 담당자5', NULL),
	(5, '2023-03-02 15:28:48.353663', '2023-03-02 15:28:48.353663', 'econtent.....6', 'etitle.....6', '자바 카페 담당자6', NULL),
	(6, '2023-03-02 15:28:48.360645', '2023-03-02 15:28:48.360645', 'econtent.....7', 'etitle.....7', '자바 카페 담당자7', NULL),
	(7, '2023-03-02 15:28:48.366629', '2023-03-02 15:28:48.366629', 'econtent.....8', 'etitle.....8', '자바 카페 담당자8', NULL),
	(8, '2023-03-02 15:28:48.372613', '2023-03-02 15:28:48.372613', 'econtent.....9', 'etitle.....9', '자바 카페 담당자9', NULL),
	(9, '2023-03-02 15:28:48.379594', '2023-03-02 15:28:48.379594', 'econtent.....10', 'etitle.....10', '자바 카페 담당자0', NULL),
	(10, '2023-03-02 15:28:48.385578', '2023-03-02 15:28:48.385578', 'econtent.....11', 'etitle.....11', '자바 카페 담당자1', NULL),
	(11, '2023-03-02 15:28:48.392559', '2023-03-02 15:28:48.392559', 'econtent.....12', 'etitle.....12', '자바 카페 담당자2', NULL),
	(12, '2023-03-02 15:28:48.398544', '2023-03-02 15:28:48.398544', 'econtent.....13', 'etitle.....13', '자바 카페 담당자3', NULL),
	(13, '2023-03-02 15:28:48.404527', '2023-03-02 15:28:48.404527', 'econtent.....14', 'etitle.....14', '자바 카페 담당자4', NULL),
	(14, '2023-03-02 15:28:48.411509', '2023-03-02 15:28:48.411509', 'econtent.....15', 'etitle.....15', '자바 카페 담당자5', NULL),
	(15, '2023-03-02 15:28:48.422481', '2023-03-02 15:28:48.422481', 'econtent.....16', 'etitle.....16', '자바 카페 담당자6', NULL),
	(16, '2023-03-02 15:28:48.431455', '2023-03-02 15:28:48.431455', 'econtent.....17', 'etitle.....17', '자바 카페 담당자7', NULL),
	(17, '2023-03-02 15:28:48.437440', '2023-03-02 15:28:48.437440', 'econtent.....18', 'etitle.....18', '자바 카페 담당자8', NULL),
	(18, '2023-03-02 15:28:48.445418', '2023-03-02 15:28:48.445418', 'econtent.....19', 'etitle.....19', '자바 카페 담당자9', NULL),
	(19, '2023-03-02 15:28:48.452400', '2023-03-02 15:28:48.452400', 'econtent.....20', 'etitle.....20', '자바 카페 담당자0', NULL),
	(20, '2023-03-02 15:28:48.460378', '2023-03-02 15:28:48.460378', 'econtent.....21', 'etitle.....21', '자바 카페 담당자1', NULL),
	(21, '2023-03-02 15:28:48.467359', '2023-03-02 15:28:48.467359', 'econtent.....22', 'etitle.....22', '자바 카페 담당자2', NULL),
	(22, '2023-03-03 12:03:45.147392', '2023-03-02 15:28:48.476335', '짱구와 보노보노\r\n							\r\n							', 'etitle.....23', '자바 카페 담당자3', NULL),
	(23, '2023-03-02 15:28:48.482319', '2023-03-02 15:28:48.482319', 'econtent.....24', 'etitle.....24', '자바 카페 담당자4', NULL),
	(24, '2023-03-02 15:28:48.490297', '2023-03-02 15:28:48.490297', 'econtent.....25', 'etitle.....25', '자바 카페 담당자5', NULL),
	(25, '2023-03-02 15:28:48.497280', '2023-03-02 15:28:48.497280', 'econtent.....26', 'etitle.....26', '자바 카페 담당자6', NULL),
	(26, '2023-03-02 15:28:48.504261', '2023-03-02 15:28:48.504261', 'econtent.....27', 'etitle.....27', '자바 카페 담당자7', NULL),
	(27, '2023-03-02 15:28:48.511242', '2023-03-02 15:28:48.511242', 'econtent.....28', 'etitle.....28', '자바 카페 담당자8', NULL),
	(28, '2023-03-02 15:28:48.518224', '2023-03-02 15:28:48.518224', 'econtent.....29', 'etitle.....29', '자바 카페 담당자9', NULL),
	(29, '2023-03-02 15:28:48.524207', '2023-03-02 15:28:48.524207', 'econtent.....30', 'etitle.....30', '자바 카페 담당자0', NULL),
	(30, '2023-03-02 15:28:48.529194', '2023-03-02 15:28:48.529194', 'econtent.....31', 'etitle.....31', '자바 카페 담당자1', NULL),
	(31, '2023-03-02 15:28:48.536175', '2023-03-02 15:28:48.536175', 'econtent.....32', 'etitle.....32', '자바 카페 담당자2', NULL),
	(32, '2023-03-02 15:28:48.542159', '2023-03-02 15:28:48.542159', 'econtent.....33', 'etitle.....33', '자바 카페 담당자3', NULL),
	(33, '2023-03-02 15:28:48.547146', '2023-03-02 15:28:48.547146', 'econtent.....34', 'etitle.....34', '자바 카페 담당자4', NULL),
	(34, '2023-03-02 15:28:48.556122', '2023-03-02 15:28:48.556122', 'econtent.....35', 'etitle.....35', '자바 카페 담당자5', NULL),
	(35, '2023-03-02 15:28:48.565098', '2023-03-02 15:28:48.565098', 'econtent.....36', 'etitle.....36', '자바 카페 담당자6', NULL),
	(36, '2023-03-02 15:28:48.571083', '2023-03-02 15:28:48.571083', 'econtent.....37', 'etitle.....37', '자바 카페 담당자7', NULL),
	(37, '2023-03-02 15:28:48.578063', '2023-03-02 15:28:48.578063', 'econtent.....38', 'etitle.....38', '자바 카페 담당자8', NULL),
	(38, '2023-03-02 15:28:48.585044', '2023-03-02 15:28:48.585044', 'econtent.....39', 'etitle.....39', '자바 카페 담당자9', NULL),
	(39, '2023-03-02 15:28:48.589034', '2023-03-02 15:28:48.589034', 'econtent.....40', 'etitle.....40', '자바 카페 담당자0', NULL),
	(40, '2023-03-02 15:28:48.592025', '2023-03-02 15:28:48.592025', 'econtent.....41', 'etitle.....41', '자바 카페 담당자1', NULL),
	(41, '2023-03-02 15:28:48.595018', '2023-03-02 15:28:48.595018', 'econtent.....42', 'etitle.....42', '자바 카페 담당자2', NULL),
	(42, '2023-03-02 15:28:48.598009', '2023-03-02 15:28:48.598009', 'econtent.....43', 'etitle.....43', '자바 카페 담당자3', NULL),
	(43, '2023-03-02 15:28:48.601001', '2023-03-02 15:28:48.601001', 'econtent.....44', 'etitle.....44', '자바 카페 담당자4', NULL),
	(44, '2023-03-02 15:28:48.603993', '2023-03-02 15:28:48.603993', 'econtent.....45', 'etitle.....45', '자바 카페 담당자5', NULL),
	(45, '2023-03-02 15:28:48.607983', '2023-03-02 15:28:48.607983', 'econtent.....46', 'etitle.....46', '자바 카페 담당자6', NULL),
	(46, '2023-03-02 15:28:48.611971', '2023-03-02 15:28:48.611971', 'econtent.....47', 'etitle.....47', '자바 카페 담당자7', NULL),
	(47, '2023-03-02 15:28:48.613966', '2023-03-02 15:28:48.613966', 'econtent.....48', 'etitle.....48', '자바 카페 담당자8', NULL),
	(48, '2023-03-02 15:28:48.617956', '2023-03-02 15:28:48.617956', 'econtent.....49', 'etitle.....49', '자바 카페 담당자9', NULL),
	(49, '2023-03-02 15:28:48.620947', '2023-03-02 15:28:48.620947', 'econtent.....50', 'etitle.....50', '자바 카페 담당자0', NULL),
	(50, '2023-03-02 15:28:48.625934', '2023-03-02 15:28:48.625934', 'econtent.....51', 'etitle.....51', '자바 카페 담당자1', NULL),
	(51, '2023-03-02 15:28:48.629923', '2023-03-02 15:28:48.629923', 'econtent.....52', 'etitle.....52', '자바 카페 담당자2', NULL),
	(52, '2023-03-02 15:28:48.635908', '2023-03-02 15:28:48.635908', 'econtent.....53', 'etitle.....53', '자바 카페 담당자3', NULL),
	(53, '2023-03-02 15:28:48.637902', '2023-03-02 15:28:48.637902', 'econtent.....54', 'etitle.....54', '자바 카페 담당자4', NULL),
	(54, '2023-03-02 15:28:48.640894', '2023-03-02 15:28:48.640894', 'econtent.....55', 'etitle.....55', '자바 카페 담당자5', NULL),
	(55, '2023-03-02 15:28:48.644883', '2023-03-02 15:28:48.644883', 'econtent.....56', 'etitle.....56', '자바 카페 담당자6', NULL),
	(56, '2023-03-02 15:28:48.649871', '2023-03-02 15:28:48.649871', 'econtent.....57', 'etitle.....57', '자바 카페 담당자7', NULL),
	(57, '2023-03-02 15:28:48.652863', '2023-03-02 15:28:48.652863', 'econtent.....58', 'etitle.....58', '자바 카페 담당자8', NULL),
	(58, '2023-03-02 15:28:48.656853', '2023-03-02 15:28:48.656853', 'econtent.....59', 'etitle.....59', '자바 카페 담당자9', NULL),
	(59, '2023-03-02 15:28:48.662836', '2023-03-02 15:28:48.662836', 'econtent.....60', 'etitle.....60', '자바 카페 담당자0', NULL),
	(60, '2023-03-02 15:28:48.665827', '2023-03-02 15:28:48.665827', 'econtent.....61', 'etitle.....61', '자바 카페 담당자1', NULL),
	(61, '2023-03-02 15:28:48.669817', '2023-03-02 15:28:48.669817', 'econtent.....62', 'etitle.....62', '자바 카페 담당자2', NULL),
	(62, '2023-03-02 15:28:48.675802', '2023-03-02 15:28:48.675802', 'econtent.....63', 'etitle.....63', '자바 카페 담당자3', NULL),
	(63, '2023-03-02 15:28:48.679790', '2023-03-02 15:28:48.679790', 'econtent.....64', 'etitle.....64', '자바 카페 담당자4', NULL),
	(64, '2023-03-02 15:28:48.683780', '2023-03-02 15:28:48.683780', 'econtent.....65', 'etitle.....65', '자바 카페 담당자5', NULL),
	(65, '2023-03-02 15:28:48.687770', '2023-03-02 15:28:48.687770', 'econtent.....66', 'etitle.....66', '자바 카페 담당자6', NULL),
	(66, '2023-03-02 15:28:48.693753', '2023-03-02 15:28:48.693753', 'econtent.....67', 'etitle.....67', '자바 카페 담당자7', NULL),
	(67, '2023-03-02 15:28:48.697742', '2023-03-02 15:28:48.697742', 'econtent.....68', 'etitle.....68', '자바 카페 담당자8', NULL),
	(68, '2023-03-02 15:28:48.702729', '2023-03-02 15:28:48.702729', 'econtent.....69', 'etitle.....69', '자바 카페 담당자9', NULL),
	(69, '2023-03-02 15:28:48.707225', '2023-03-02 15:28:48.707225', 'econtent.....70', 'etitle.....70', '자바 카페 담당자0', NULL),
	(70, '2023-03-02 15:28:48.710217', '2023-03-02 15:28:48.710217', 'econtent.....71', 'etitle.....71', '자바 카페 담당자1', NULL),
	(71, '2023-03-02 15:28:48.712211', '2023-03-02 15:28:48.712211', 'econtent.....72', 'etitle.....72', '자바 카페 담당자2', NULL),
	(72, '2023-03-02 15:28:48.716202', '2023-03-02 15:28:48.716202', 'econtent.....73', 'etitle.....73', '자바 카페 담당자3', NULL),
	(73, '2023-03-02 15:28:48.720191', '2023-03-02 15:28:48.720191', 'econtent.....74', 'etitle.....74', '자바 카페 담당자4', NULL),
	(74, '2023-03-02 15:28:48.727172', '2023-03-02 15:28:48.727172', 'econtent.....75', 'etitle.....75', '자바 카페 담당자5', NULL),
	(75, '2023-03-02 15:28:48.733157', '2023-03-02 15:28:48.733157', 'econtent.....76', 'etitle.....76', '자바 카페 담당자6', NULL),
	(76, '2023-03-02 15:28:48.745124', '2023-03-02 15:28:48.745124', 'econtent.....77', 'etitle.....77', '자바 카페 담당자7', NULL),
	(77, '2023-03-02 15:28:48.751108', '2023-03-02 15:28:48.751108', 'econtent.....78', 'etitle.....78', '자바 카페 담당자8', NULL),
	(78, '2023-03-02 15:28:48.756095', '2023-03-02 15:28:48.756095', 'econtent.....79', 'etitle.....79', '자바 카페 담당자9', NULL),
	(79, '2023-03-02 15:28:48.761081', '2023-03-02 15:28:48.761081', 'econtent.....80', 'etitle.....80', '자바 카페 담당자0', NULL),
	(80, '2023-03-02 15:28:48.766068', '2023-03-02 15:28:48.766068', 'econtent.....81', 'etitle.....81', '자바 카페 담당자1', NULL),
	(81, '2023-03-02 15:28:48.772052', '2023-03-02 15:28:48.772052', 'econtent.....82', 'etitle.....82', '자바 카페 담당자2', NULL),
	(82, '2023-03-02 15:28:48.779034', '2023-03-02 15:28:48.779034', 'econtent.....83', 'etitle.....83', '자바 카페 담당자3', NULL),
	(83, '2023-03-02 15:28:48.785017', '2023-03-02 15:28:48.785017', 'econtent.....84', 'etitle.....84', '자바 카페 담당자4', NULL),
	(84, '2023-03-02 15:28:48.791002', '2023-03-02 15:28:48.791002', 'econtent.....85', 'etitle.....85', '자바 카페 담당자5', NULL),
	(85, '2023-03-02 15:28:48.795988', '2023-03-02 15:28:48.795988', 'econtent.....86', 'etitle.....86', '자바 카페 담당자6', NULL),
	(86, '2023-03-02 15:28:48.801973', '2023-03-02 15:28:48.801973', 'econtent.....87', 'etitle.....87', '자바 카페 담당자7', NULL),
	(87, '2023-03-02 15:28:48.807973', '2023-03-02 15:28:48.807973', 'econtent.....88', 'etitle.....88', '자바 카페 담당자8', NULL),
	(88, '2023-03-02 15:28:48.811963', '2023-03-02 15:28:48.811963', 'econtent.....89', 'etitle.....89', '자바 카페 담당자9', NULL),
	(89, '2023-03-02 15:28:48.816950', '2023-03-02 15:28:48.816950', 'econtent.....90', 'etitle.....90', '자바 카페 담당자0', NULL),
	(90, '2023-03-02 15:28:48.821936', '2023-03-02 15:28:48.821936', 'econtent.....91', 'etitle.....91', '자바 카페 담당자1', NULL),
	(91, '2023-03-02 15:28:48.828918', '2023-03-02 15:28:48.828918', 'econtent.....92', 'etitle.....92', '자바 카페 담당자2', NULL),
	(92, '2023-03-02 15:28:48.834902', '2023-03-02 15:28:48.834902', 'econtent.....93', 'etitle.....93', '자바 카페 담당자3', NULL),
	(93, '2023-03-02 15:28:48.839889', '2023-03-02 15:28:48.839889', 'econtent.....94', 'etitle.....94', '자바 카페 담당자4', NULL),
	(94, '2023-03-02 15:28:48.846869', '2023-03-02 15:28:48.846869', 'econtent.....95', 'etitle.....95', '자바 카페 담당자5', NULL),
	(95, '2023-03-02 15:28:48.852853', '2023-03-02 15:28:48.852853', 'econtent.....96', 'etitle.....96', '자바 카페 담당자6', NULL),
	(96, '2023-03-02 15:28:48.858837', '2023-03-02 15:28:48.858837', 'econtent.....97', 'etitle.....97', '자바 카페 담당자7', NULL),
	(97, '2023-03-02 15:28:48.864822', '2023-03-02 15:28:48.864822', 'econtent.....98', 'etitle.....98', '자바 카페 담당자8', NULL),
	(98, '2023-03-02 15:28:48.870806', '2023-03-02 15:28:48.870806', 'econtent.....99', 'etitle.....99', '자바 카페 담당자9', NULL),
	(99, '2023-03-02 15:28:48.875792', '2023-03-02 15:28:48.875792', 'econtent.....100', 'etitle.....100', '자바 카페 담당자0', NULL),
	(100, '2023-03-02 15:28:48.881776', '2023-03-02 15:28:48.881776', 'econtent.....101', 'etitle.....101', '자바 카페 담당자1', NULL),
	(101, '2023-03-02 15:28:48.885765', '2023-03-02 15:28:48.885765', 'econtent.....102', 'etitle.....102', '자바 카페 담당자2', NULL),
	(102, '2023-03-02 15:28:48.891750', '2023-03-02 15:28:48.891750', 'econtent.....103', 'etitle.....103', '자바 카페 담당자3', NULL),
	(103, '2023-03-02 15:28:48.897733', '2023-03-02 15:28:48.897733', 'econtent.....104', 'etitle.....104', '자바 카페 담당자4', NULL),
	(104, '2023-03-02 15:28:48.903717', '2023-03-02 15:28:48.903717', 'econtent.....105', 'etitle.....105', '자바 카페 담당자5', NULL),
	(105, '2023-03-02 15:28:48.909701', '2023-03-02 15:28:48.909701', 'econtent.....106', 'etitle.....106', '자바 카페 담당자6', NULL),
	(106, '2023-03-02 15:28:48.915772', '2023-03-02 15:28:48.915772', 'econtent.....107', 'etitle.....107', '자바 카페 담당자7', NULL),
	(107, '2023-03-02 15:28:48.920671', '2023-03-02 15:28:48.920671', 'econtent.....108', 'etitle.....108', '자바 카페 담당자8', NULL),
	(108, '2023-03-02 15:28:48.924661', '2023-03-02 15:28:48.924661', 'econtent.....109', 'etitle.....109', '자바 카페 담당자9', NULL),
	(109, '2023-03-02 15:28:48.927653', '2023-03-02 15:28:48.927653', 'econtent.....110', 'etitle.....110', '자바 카페 담당자0', NULL),
	(110, '2023-03-02 15:28:48.931643', '2023-03-02 15:28:48.931643', 'econtent.....111', 'etitle.....111', '자바 카페 담당자1', NULL),
	(111, '2023-03-02 15:28:48.934635', '2023-03-02 15:28:48.934635', 'econtent.....112', 'etitle.....112', '자바 카페 담당자2', NULL),
	(112, '2023-03-02 15:28:48.937627', '2023-03-02 15:28:48.937627', 'econtent.....113', 'etitle.....113', '자바 카페 담당자3', NULL),
	(113, '2023-03-02 15:28:48.940619', '2023-03-02 15:28:48.940619', 'econtent.....114', 'etitle.....114', '자바 카페 담당자4', NULL),
	(114, '2023-03-02 15:28:48.945605', '2023-03-02 15:28:48.945605', 'econtent.....115', 'etitle.....115', '자바 카페 담당자5', NULL),
	(115, '2023-03-02 15:28:48.949595', '2023-03-02 15:28:48.949595', 'econtent.....116', 'etitle.....116', '자바 카페 담당자6', NULL),
	(116, '2023-03-02 15:28:48.956577', '2023-03-02 15:28:48.956577', 'econtent.....117', 'etitle.....117', '자바 카페 담당자7', NULL),
	(117, '2023-03-02 15:28:48.960565', '2023-03-02 15:28:48.960565', 'econtent.....118', 'etitle.....118', '자바 카페 담당자8', NULL),
	(118, '2023-03-03 11:10:02.299300', '2023-03-02 15:28:48.971535', 'update ... econtent 120\r\n							', 'update ... etitle 120', '자바 카페 담당자0', NULL),
	(119, '2023-03-02 16:53:59.451677', '2023-03-02 16:53:59.451677', '이벤트 글 연습 내용입니다', '이벤트 글 테스트 제목...', '테스트 관리자', NULL),
	(120, '2023-03-03 17:26:52.842037', '2023-03-02 16:54:19.265098', '수정된 내용\r\n							', '수정된 이벤트 게시물 제목', '테스트 관리자', NULL),
	(121, '2023-03-03 11:39:12.521441', '2023-03-03 11:11:00.956915', '보노보노 & 금요일\r\n							\r\n							', '3월3일~3월 10일 이벤트', '자바 카페 담당자 1', NULL),
	(122, '2023-03-03 12:44:52.861390', '2023-03-03 12:44:52.861390', '이벤트 내용 @', '이벤트 제목', '자바 카페 담당자 5', NULL),
	(123, '2023-03-03 12:46:17.471128', '2023-03-03 12:46:17.471128', '내용입니다', '금요일 제목', '자바 카페 담당자 9', NULL),
	(124, '2023-03-03 12:48:00.320830', '2023-03-03 12:48:00.320830', 'abcd1234', '이벤트', '담당자', NULL),
	(125, '2023-03-07 12:11:47.176332', '2023-03-07 11:35:11.870785', '제목입니다\r\n							\r\n							', '이벤트입니다', '자바 카페 관리자 000', NULL),
	(126, '2023-03-07 12:12:41.689446', '2023-03-07 12:12:41.689446', '내용입니다', '이벤트 (3.07~3.21)', '자바 카페 담당자9', NULL),
	(127, '2023-03-07 12:14:16.663717', '2023-03-07 12:14:16.663717', '123123', '123123', '담당자입니다', NULL),
	(128, '2023-03-07 12:14:52.399837', '2023-03-07 12:14:52.399837', '보노보노', '제목입니다', '관리자999', NULL),
	(129, '2023-03-08 10:41:19.012312', '2023-03-07 12:15:14.447271', '수정일 테스트\r\n							\r\n							\r\n							\r\n							', '제목입니다', '관리자9999', NULL),
	(130, '2023-03-07 12:15:45.414024', '2023-03-07 12:15:45.414024', '내용입니다', '이달의 이벤트', '관리자394939', NULL),
	(131, '2023-03-07 12:31:51.919215', '2023-03-07 12:31:51.919215', '내용입니다', '모달창 수정', '작성자456654', NULL),
	(132, '2023-03-07 12:38:07.286693', '2023-03-07 12:38:07.286693', '123123', '123123', '123123', NULL),
	(133, '2023-03-10 09:25:13.273648', '2023-03-07 15:26:53.381466', '@●내용입니다●@\r\n				\r\n							\r\n							\r\n							\r\n							\r\n							\r\n							\r\n							\r\n							\r\n							\r\n							\r\n							\r\n							\r\n							\r\n							\r\n							\r\n							\r\n							\r\n							\r\n							', '보노보노입니다!!', '★자바 카페 관리자★', '1678407913272_slide7.jpg'),
	(134, '2023-03-09 14:04:20.791233', '2023-03-09 11:55:12.308961', 'ㄴㅁㅇㄹㅇㄹㄴ\r\n\r\n\r\n							\r\n							\r\n							\r\n							\r\n							\r\n							\r\n							', 'ㅁㄴㅇㄻㄴㅇㄹㅇㄴㅁ', 'ㅇㄴㅁㄹㄹㅇㄴ', '1678338260790_slide4.jpg'),
	(135, '2023-03-09 11:57:19.095494', '2023-03-09 11:57:19.095494', '보노보노입니다', '이미지 테스트', '자바 카페 관리자 보노보노', '1678330639094_1111.gif'),
	(136, '2023-03-10 09:12:33.816190', '2023-03-09 11:58:15.661484', '내용입니다\r\n							\r\n							', '이미지 테스트입니다', '자바 카페 관리자 짱구', '1678407153784_11.jpg'),
	(137, '2023-03-09 13:53:17.650735', '2023-03-09 12:50:33.933150', '내용1234\r\n							\r\n							\r\n							', '이미지 테스트', '관리자999', '1678334878988_stickode1.jpg'),
	(138, '2023-03-09 15:31:58.033125', '2023-03-09 14:07:07.383210', '@이벤트 내용입니다@\r\n							\r\n							', '이미지 업로드 구현', '보노보노', '1678338427378_slide1.jpg'),
	(139, '2023-03-09 14:23:01.643249', '2023-03-09 14:23:01.643249', '●내용 테스트입니다●', '이미지 테스트', '자바 카페 관리자 보노보노', '1678339381637_bg1.gif'),
	(140, '2023-03-09 17:58:22.889688', '2023-03-09 17:58:22.889688', '내용 공란', '이달의 이벤트', '자바 카페 담당자99', '1678352302863_다운로드.jfif'),
	(141, '2023-03-10 09:24:51.613616', '2023-03-10 09:24:51.613616', '내용입니다', '이미지 세로 크기 조정 테스트', '작성자123123', '1678407891602_stickode2.jpg');
/*!40000 ALTER TABLE `event` ENABLE KEYS */;

-- 테이블 javacafe.fboard 구조 내보내기
CREATE TABLE IF NOT EXISTS `fboard` (
  `fno` bigint(20) NOT NULL AUTO_INCREMENT,
  `moddate` datetime(6) DEFAULT NULL,
  `regdate` datetime(6) DEFAULT NULL,
  `fcontent` varchar(2000) NOT NULL,
  `ftitle` varchar(500) NOT NULL,
  `fwriter` varchar(50) NOT NULL,
  PRIMARY KEY (`fno`)
) ENGINE=InnoDB AUTO_INCREMENT=10 DEFAULT CHARSET=utf8 COLLATE=utf8_general_ci;

-- 테이블 데이터 javacafe.fboard:~10 rows (대략적) 내보내기
/*!40000 ALTER TABLE `fboard` DISABLE KEYS */;
INSERT INTO `fboard` (`fno`, `moddate`, `regdate`, `fcontent`, `ftitle`, `fwriter`) VALUES
	(1, '2023-03-03 17:37:13.584561', '2023-03-03 17:37:13.584561', '테스트입니다.\r\nThis is Test\r\nテストです。\r\nC\'est un test.\r\nЭто тест.\r\nเป็นการทดสอบครับ\r\nĐây là bài test.\r\nTest, Ecco.\r\n是测试。', '테스트.', '관리자'),
	(2, '2023-03-06 09:38:28.357550', '2023-03-06 09:38:28.357550', '네, 자바카페 리워드 회원이라면 자바카페 어플로 주문 시 모든 쿠폰이 온라인 쿠폰으로 발행되며, \r\n매장에서 등록된 자바카페 카드로 결제 시에는 영수증 쿠폰, 온라인 쿠폰 중 선택하실 수 있습니다.', ' 영수증 쿠폰을 온라인 쿠폰으로 바로 받을 수 있나요?', '관리자'),
	(3, '2023-03-06 09:39:01.358653', '2023-03-06 09:39:01.358653', '설문 조사 완료 후, 24시간 내 고객님의 계정으로 보너스 스탬프 1개가 지급됩니다.', '고객경험 설문조사를 완료하면 어떤 혜택이 있나요?', '관리자'),
	(4, '2023-03-06 09:40:55.623161', '2023-03-06 09:40:55.623161', '방문에 감사 드리는 의미로, 자바카페 리워드 회원이 본인 계정에 등록된 자바카페 카드로 1,000원 이상 결제 시 영수증당 스탬프 1개가 즉시 적립됩니다. (단, 영수증간 금액 합산 적용은 불가하며, 자바카페 카드 충전 금액은 별 적립 대상이 아닙니다. \r\nExtra 또는 Size Upgrade 금액만 결제하는 경우, 방문별 적립 기준 금액 충족 시 별 적립 가능합니다.\r\n교환증으로 상품 교환 시 자바카페 리워드 혜택 제공이 불가합니다.)\r\n\r\n온라인 오더를 통해 주문하신 경우, 별 적립 시점은 아래와 같습니다.\r\n- 음료/푸드/원두 주문의 경우, 매장에서 해당 주문을 승인한 시점\r\n- 홀케이크 선물/예약의 경우 홀케이크 수령 시점\r\n\r\n자바카페 카드로 결제 후 고객님께 최상의 서비스를 제공하는 시간은 약 3분이 소요됩니다. \r\n따라서 이 시간 동안 추가 결제 시 방문당 스탬프 적립되지 않고, 이벤트가 있을 경우 이벤트 스탬프만 적립됩니다.', '스탬프 적립 기준은 무엇인가요?', '관리자'),
	(5, '2023-03-06 09:43:17.011328', '2023-03-06 09:43:17.011328', '안녕하세요. 자바카페입니다.\r\n\r\n보다 나은 서비스를 제공하고자 아래와 같이 시스템 서버 작업을 진행합니다.\r\n\r\n \r\n\r\n- 일자 및 시간: 2023년 1월 25일(수) 23시 30분 ~ 1월 26일(목) 05시 30분(6시간)\r\n\r\n- 대상 서비스 : 자바카페 홈페이지 / 자바카페 APP / Bixby / 삼성카드 자바카페 오더 / 신한PayFAN 자바카페 오더 / 네이버 주문 / 자바카페 현대카드 발급 서비스\r\n\r\n- 점검 내용: 시스템 서버 작업\r\n\r\n \r\n\r\n해당 점검 시간 중 웹/앱 및 외부 채널 서비스 이용이 제한되오니 양해 부탁드리겠습니다.\r\n\r\n감사합니다.', '시스템 개선 및 서비스 점검 안내 ', '관리자'),
	(6, '2023-03-06 09:45:22.701579', '2023-03-06 09:45:22.701579', '매장 내 근무하는 전 직원들은\r\n단정한 복장을 유지해주시기 바랍니다.\r\n\r\n또 한 지각 혹은 무단결근을 할 시 불이익이 있을 수 있는 점을 명시하시기 바랍니다.\r\n\r\n', '직원 규정', '관리자'),
	(7, '2023-03-07 10:08:26.739388', '2023-03-07 10:08:26.739388', '1\r\n창업설명회\r\n가맹지원서 및 상권조사표 작성\r\n\r\n2\r\n점포문의 및 본부확인\r\n상권 및 입지확인\r\n수도권 : 약 1주,\r\n지방 : 약 2주 소요\r\n\r\n3\r\n본사 점주 승인\r\n더본코리아 본사 검토 후\r\n가맹점 개설 여부 결정\r\n정보공개서, 가맹계약서 메일로 발송/확인\r\n\r\n4\r\n점포 개설 협의\r\n인테리어 및 시설공사 등\r\n점포 개설 과정 협의\r\n\r\n5\r\n당사 계약 체결\r\n최초 2년 계약, 이후 1년 단위 재계약\r\n임대차 계약 후 가맹 계약 체결\r\n\r\n6\r\n인테리어 & 시설공사\r\n약 3주 내외 소요, 현장 상황에 따라 변동 가능\r\n\r\n7\r\n교육\r\n점주 포함 최소 2명,\r\n교육 기간 최소 14일\r\n점주1 : 14일\r\n직원2 : 14일 (테스트 미통과 or 교육 불성실 시 재교육)\r\n\r\n8\r\n개점준비 & 가오픈\r\n운영 시뮬레이션을 통한\r\n오픈 준비사항 최종 점검\r\n\r\n9\r\n개점\r\n가맹점 정식 오픈 및 인터넷\r\n매장 정보 등록\r\n\r\n10\r\n사후 관리\r\n관리본사 점검팀 순회를 통해 주기적인 매장 점검\r\n본사 점검팀 순회를 통해 주기적인 매장 점검\r\n\r\n* 가맹 계약 후 최소 60일~90일 이후 오픈\r\n\r\n* 홈페이지 내 창업문의를 통해 본사와 상담 후 참석 및 가맹지원서 작성/제출하여야만 창업 진행 가능\r\n\r\n* 타겟 고객층에 적합한 입지를 선정/통보하여 본부의 승인을 받고 임대차/가맹 계약을 체결하여야 하며, 점주 본인이 반드시 교육을 이수해야 함', '창업안내', '관리자'),
	(8, '2023-03-09 17:44:16.999762', '2023-03-09 17:44:16.999762', 'test', 'test', '관리자'),
	(9, '2023-03-09 17:44:22.309807', '2023-03-09 17:44:22.309807', 'test3', 'test3', '관리자');
/*!40000 ALTER TABLE `fboard` ENABLE KEYS */;

-- 테이블 javacafe.inventory 구조 내보내기
CREATE TABLE IF NOT EXISTS `inventory` (
  `ino` bigint(20) NOT NULL AUTO_INCREMENT,
  `imoddate` datetime(6) DEFAULT NULL,
  `iregdate` datetime(6) DEFAULT NULL,
  `iclass` varchar(300) DEFAULT NULL,
  `icontent` varchar(1000) DEFAULT NULL,
  `icount` bigint(20) DEFAULT NULL,
  `iname` varchar(20) NOT NULL,
  `iprice` bigint(20) NOT NULL,
  `istate` bigint(20) NOT NULL,
  `iimg` varchar(200) DEFAULT NULL,
  PRIMARY KEY (`ino`)
) ENGINE=InnoDB AUTO_INCREMENT=27 DEFAULT CHARSET=utf8 COLLATE=utf8_general_ci;

-- 테이블 데이터 javacafe.inventory:~14 rows (대략적) 내보내기
/*!40000 ALTER TABLE `inventory` DISABLE KEYS */;
INSERT INTO `inventory` (`ino`, `imoddate`, `iregdate`, `iclass`, `icontent`, `icount`, `iname`, `iprice`, `istate`, `iimg`) VALUES
	(1, '2023-03-06 10:42:22.640623', '2023-03-06 10:42:22.640623', '과자', '맛있음', 5, '새우깡', 1500, 0, ''),
	(2, '2023-03-16 10:44:13.044533', '2023-03-06 10:42:30.430468', '음료', '맛있음1211141', 1, '드립커피', 1500, 0, '1678931053039_coffee.jpg'),
	(3, '2023-03-06 10:42:40.096430', '2023-03-06 10:42:40.096430', '주류', '취함', 5, '참이슬', 1400, 0, NULL),
	(4, '2023-03-06 10:42:51.447740', '2023-03-06 10:42:51.447740', '주류', '배부름', 5, '카스', 2000, 0, NULL),
	(5, '2023-03-06 10:43:02.287080', '2023-03-06 10:43:02.287080', '담배', '중독됨', 10, '마일드세븐', 5000, 0, NULL),
	(6, '2023-03-06 10:43:14.879484', '2023-03-06 10:43:14.879484', '담배', '중독됨', 10, '말보루', 5000, 0, NULL),
	(7, '2023-03-06 10:43:30.480218', '2023-03-06 10:43:30.480218', '전자기기', '최신폰', 1, '아이폰14', 1500000, 0, NULL),
	(8, '2023-03-06 10:43:42.646866', '2023-03-06 10:43:42.646866', '전자기기', '이젠컴퓨터', 1, '모니터', 100000, 0, NULL),
	(9, '2023-03-06 12:41:53.327994', '2023-03-06 10:43:55.392849', '차량', '자바캠핑카', 1, '캠핑카', 25000000, 0, '1678074113326_campingcar2.jpg'),
	(10, '2023-03-06 10:44:12.592240', '2023-03-06 10:44:12.592240', '가전제품', '시원함', 1, '에어컨', 1200000, 0, NULL),
	(11, '2023-03-06 10:44:38.425906', '2023-03-06 10:44:38.425906', '차량', '중고차 20만키로', 1, 'YF소나타', 15000000, 0, NULL),
	(12, '2023-03-06 10:45:32.511918', '2023-03-06 10:45:32.511918', '식품', '점심식사', 1, '김밥', 1200, 0, NULL),
	(13, '2023-03-06 10:45:49.503177', '2023-03-06 10:45:49.503177', '식품', '계란1개', 1, '계란', 200, 0, NULL),
	(14, '2023-03-14 14:44:32.660933', '2023-03-06 10:46:02.456530', '음료', '음료123', 2, '포카리스웨트', 1200, 0, NULL);
/*!40000 ALTER TABLE `inventory` ENABLE KEYS */;

-- 테이블 javacafe.kiosk 구조 내보내기
CREATE TABLE IF NOT EXISTS `kiosk` (
  `kno` bigint(20) NOT NULL AUTO_INCREMENT,
  `moddate` datetime(6) DEFAULT NULL,
  `regdate` datetime(6) DEFAULT NULL,
  `cphone` varchar(255) DEFAULT NULL,
  `kccount` bigint(20) DEFAULT NULL,
  `kid` varchar(255) DEFAULT NULL,
  `kprice` bigint(20) DEFAULT NULL,
  `rno` bigint(20) DEFAULT NULL,
  PRIMARY KEY (`kno`)
) ENGINE=InnoDB DEFAULT CHARSET=utf8 COLLATE=utf8_general_ci;

-- 테이블 데이터 javacafe.kiosk:~0 rows (대략적) 내보내기
/*!40000 ALTER TABLE `kiosk` DISABLE KEYS */;
/*!40000 ALTER TABLE `kiosk` ENABLE KEYS */;

-- 테이블 javacafe.kiosk_state 구조 내보내기
CREATE TABLE IF NOT EXISTS `kiosk_state` (
  `ksno` bigint(20) NOT NULL AUTO_INCREMENT,
  `moddate` datetime(6) DEFAULT NULL,
  `regdate` datetime(6) DEFAULT NULL,
  `cphone` varchar(255) DEFAULT NULL,
  `kid` varchar(255) DEFAULT NULL,
  `ksstate` bigint(20) DEFAULT NULL,
  `kstotal` bigint(20) DEFAULT NULL,
  PRIMARY KEY (`ksno`)
) ENGINE=InnoDB DEFAULT CHARSET=utf8 COLLATE=utf8_general_ci;

-- 테이블 데이터 javacafe.kiosk_state:~0 rows (대략적) 내보내기
/*!40000 ALTER TABLE `kiosk_state` DISABLE KEYS */;
/*!40000 ALTER TABLE `kiosk_state` ENABLE KEYS */;

-- 테이블 javacafe.persistent_logins 구조 내보내기
CREATE TABLE IF NOT EXISTS `persistent_logins` (
  `username` varchar(64) NOT NULL,
  `series` varchar(64) NOT NULL,
  `token` varchar(64) NOT NULL,
  `last_used` timestamp NOT NULL DEFAULT current_timestamp() ON UPDATE current_timestamp(),
  PRIMARY KEY (`series`)
) ENGINE=InnoDB DEFAULT CHARSET=utf8 COLLATE=utf8_general_ci COMMENT='spring security table\r\n시큐리티 아이디 기억하기 관련 테이블입니다.';

-- 테이블 데이터 javacafe.persistent_logins:~2 rows (대략적) 내보내기
/*!40000 ALTER TABLE `persistent_logins` DISABLE KEYS */;
INSERT INTO `persistent_logins` (`username`, `series`, `token`, `last_used`) VALUES
	('admin', 'IHqAJQmtzy0SZ4X1rMpxAA==', 'Yzmgfr49tzrowpcUzML8Ug==', '2023-03-16 10:48:37'),
	('admin', 'nGFn6MsuyGGyIOzYagaRvw==', 'YOVmbvehun6lpBJoXG8pDw==', '2023-03-16 14:23:45');
/*!40000 ALTER TABLE `persistent_logins` ENABLE KEYS */;

-- 테이블 javacafe.recipe 구조 내보내기
CREATE TABLE IF NOT EXISTS `recipe` (
  `rno` bigint(20) NOT NULL AUTO_INCREMENT,
  `moddate` datetime(6) DEFAULT NULL,
  `regdate` datetime(6) DEFAULT NULL,
  `rcate` int(11) NOT NULL,
  `rcost` int(11) NOT NULL,
  `rdesc` varchar(2000) NOT NULL,
  `reng` varchar(200) NOT NULL,
  `rimg` varchar(200) DEFAULT NULL,
  `rkcal` int(11) DEFAULT NULL,
  `rname` varchar(200) NOT NULL,
  `rprice` int(11) NOT NULL,
  `rstate` int(11) NOT NULL,
  `rtext` varchar(2000) NOT NULL,
  PRIMARY KEY (`rno`)
) ENGINE=InnoDB AUTO_INCREMENT=17 DEFAULT CHARSET=utf8 COLLATE=utf8_general_ci;

-- 테이블 데이터 javacafe.recipe:~16 rows (대략적) 내보내기
/*!40000 ALTER TABLE `recipe` DISABLE KEYS */;
INSERT INTO `recipe` (`rno`, `moddate`, `regdate`, `rcate`, `rcost`, `rdesc`, `reng`, `rimg`, `rkcal`, `rname`, `rprice`, `rstate`, `rtext`) VALUES
	(1, '2023-03-16 11:18:25.100695', '2023-02-27 12:11:23.807407', 1, 1000, '아메리카노에 대한 설명', 'Americano', '1678933105099_sample01.jpg', 100, '아메리카노', 3000, 1, '근데 이제 뜨/아를 고를 수 없는'),
	(2, '2023-03-16 11:20:26.810035', '2023-02-27 12:11:23.687359', 1, 1000, '카페 라떼에 대한 설명', 'Cafe Latte', '1678933195191_sample01.jpg', 100, '카페 라떼', 2500, 1, '1. 원두를 기계에 넣고 1샷을 내린다.\r\n2. 우유를 스팀컵에 넣고 스팀한다.\r\n3. 스팀된 우유에 1샷을 넣는다.'),
	(3, '2023-02-27 12:11:23.693227', '2023-02-27 12:11:23.693227', 1, 1000, '테스트 소개글', 'Cafe Menu 3', '', 100, '카페 메뉴 3', 1600, 1, '테스트 레시피'),
	(4, '2023-02-27 12:11:23.698094', '2023-02-27 12:11:23.698094', 1, 1000, '테스트 소개글', 'Cafe Menu 4', '', 100, '카페 메뉴 4', 1700, 1, '테스트 레시피'),
	(5, '2023-02-27 12:11:23.705902', '2023-02-27 12:11:23.705902', 2, 1000, '테스트 소개글', 'Cafe Menu 5', '', 100, '카페 메뉴 5', 1800, 1, '테스트 레시피'),
	(6, '2023-02-27 12:11:23.711759', '2023-02-27 12:11:23.711759', 2, 1000, '테스트 소개글', 'Cafe Menu 6', '', 100, '카페 메뉴 6', 1900, 1, '테스트 레시피'),
	(7, '2023-02-27 12:11:23.718589', '2023-02-27 12:11:23.718589', 2, 1000, '테스트 소개글', 'Cafe Menu 7', '', 100, '카페 메뉴 7', 2000, 1, '테스트 레시피'),
	(8, '2023-02-27 12:11:23.724446', '2023-02-27 12:11:23.724446', 2, 1000, '테스트 소개글', 'Cafe Menu 8', '', 100, '카페 메뉴 8', 2100, 1, '테스트 레시피'),
	(9, '2023-03-16 11:03:59.263810', '2023-03-03 11:57:31.797752', 3, 0, 'smoothie', 'smoothie', '1678932239255_smoothie.jpg', 0, '스무디', 3200, 1, 'smoothie ㅓ어쩌구 저쩌구'),
	(10, '2023-03-03 12:15:37.296099', '2023-02-27 12:11:23.811311', 3, 1000, '테스트 소개글', 'Cafe Menu 20', '', 100, '카페 메뉴 20', 3100, 1, '1. 에스프레소 머신에서 1샷을 내립니다.\r\n2. 고객의 주문에 따라 얼음 혹은 뜨거운 물을 채웁니다.'),
	(11, '2023-02-28 16:19:56.548692', '2023-02-27 12:11:23.746894', 3, 1000, 'Modify Desc 서비스 테스트', 'Modify Service Test', 'coffee.jpg', 100, 'Modify 서비스 테스트', 2200, 1, 'Modify Text 서비스 테스트'),
	(12, '2023-02-28 12:44:23.447604', '2023-02-27 12:11:23.753727', 3, 0, 'Modify Desc 서비스 테스트', 'Modify Service Test', NULL, 0, 'Modify 서비스 테스트', 2300, 1, 'Modify Text 서비스 테스트'),
	(13, '2023-02-28 16:06:44.105124', '2023-02-27 12:11:23.760558', 4, 1000, '테스트 소개글', 'Cafe Menu 13', 'coffee.jpg', 100, '카페 메뉴 13', 2400, 1, '테스트 레시피'),
	(14, '2023-02-28 16:06:35.990900', '2023-02-27 12:11:23.770319', 4, 1000, '테스트 소개글', 'Cafe Menu 14', 'coffee.jpg', 100, '카페 메뉴 14', 2500, 1, '테스트 레시피'),
	(15, '2023-03-16 11:13:49.360736', '2023-02-27 12:11:23.782030', 4, 1000, '스무디 2에 대한 설명', 'Smoothie 2', '1678932829359_smoothie.jpg', 100, '스무디 2', 2600, 1, '스무디 2에 대한 레시피'),
	(16, '2023-03-16 11:12:56.943882', '2023-03-16 11:11:59.276994', 4, 1000, '스무디 1에 대한 설명', 'Smoothie 1', '1678932776942_smoothie.jpg', 100, '스무디 1', 2000, 1, '스무디 1에 대한 레시피');
/*!40000 ALTER TABLE `recipe` ENABLE KEYS */;

-- 테이블 javacafe.recipe_stock 구조 내보내기
CREATE TABLE IF NOT EXISTS `recipe_stock` (
  `rsno` bigint(20) NOT NULL AUTO_INCREMENT,
  `moddate` datetime(6) DEFAULT NULL,
  `regdate` datetime(6) DEFAULT NULL,
  `ino` bigint(20) DEFAULT NULL,
  `rsnumber` varchar(255) DEFAULT NULL,
  `recipe_rno` bigint(20) DEFAULT NULL,
  PRIMARY KEY (`rsno`),
  KEY `idx_recipe_stock_recipe_rno` (`recipe_rno`),
  CONSTRAINT `FKkve1cnqnm45d4jwenkxeaw2s9` FOREIGN KEY (`recipe_rno`) REFERENCES `recipe` (`rno`)
) ENGINE=InnoDB AUTO_INCREMENT=7 DEFAULT CHARSET=utf8 COLLATE=utf8_general_ci;

-- 테이블 데이터 javacafe.recipe_stock:~5 rows (대략적) 내보내기
/*!40000 ALTER TABLE `recipe_stock` DISABLE KEYS */;
INSERT INTO `recipe_stock` (`rsno`, `moddate`, `regdate`, `ino`, `rsnumber`, `recipe_rno`) VALUES
	(1, '2023-03-16 11:17:14.331274', '2023-03-10 16:03:01.563338', 10, '100개', 1),
	(2, '2023-03-16 11:17:20.181552', '2023-03-10 17:44:58.548565', 1, '200개', 1),
	(3, '2023-03-16 14:36:29.229619', '2023-03-10 17:46:59.927232', 2, '999개', 1),
	(4, '2023-03-16 11:17:31.757806', '2023-03-13 11:34:00.586923', 4, '400개', 1),
	(5, '2023-03-16 11:17:37.038501', '2023-03-13 14:08:38.422238', 9, '500개', 1),
	(6, '2023-03-16 14:36:41.165970', '2023-03-16 14:36:41.165970', 14, '1000개', 1);
/*!40000 ALTER TABLE `recipe_stock` ENABLE KEYS */;

-- 테이블 javacafe.sales 구조 내보내기
CREATE TABLE IF NOT EXISTS `sales` (
  `sno` bigint(20) NOT NULL AUTO_INCREMENT,
  `month` varchar(100) NOT NULL,
  `sales` bigint(20) NOT NULL,
  `year` varchar(100) NOT NULL,
  PRIMARY KEY (`sno`)
) ENGINE=InnoDB AUTO_INCREMENT=16 DEFAULT CHARSET=utf8 COLLATE=utf8_general_ci;

-- 테이블 데이터 javacafe.sales:~15 rows (대략적) 내보내기
/*!40000 ALTER TABLE `sales` DISABLE KEYS */;
INSERT INTO `sales` (`sno`, `month`, `sales`, `year`) VALUES
	(1, '1', 123123, '2022'),
	(2, '2', 234234, '2022'),
	(3, '3', 345345, '2022'),
	(4, '4', 456456, '2022'),
	(5, '5', 567567, '2022'),
	(6, '6', 678678, '2022'),
	(7, '7', 789789, '2022'),
	(8, '8', 897897, '2022'),
	(9, '9', 987987, '2022'),
	(10, '10', 788888, '2022'),
	(11, '11', 433333, '2022'),
	(12, '12', 244444, '2022'),
	(13, '1', 600022, '2023'),
	(14, '2', 788888, '2023'),
	(15, '3', 1100088, '2023');
/*!40000 ALTER TABLE `sales` ENABLE KEYS */;

-- 테이블 javacafe.shop 구조 내보내기
CREATE TABLE IF NOT EXISTS `shop` (
  `sno` bigint(20) NOT NULL AUTO_INCREMENT,
  `moddate` datetime(6) DEFAULT NULL,
  `regdate` datetime(6) DEFAULT NULL,
  `cphone` varchar(255) DEFAULT NULL,
  `rno` bigint(20) DEFAULT NULL,
  `scount` bigint(20) DEFAULT NULL,
  `sid` varchar(255) DEFAULT NULL,
  `sprice` bigint(20) DEFAULT NULL,
  `rname` varchar(255) DEFAULT NULL,
  `rprice` bigint(20) DEFAULT NULL,
  PRIMARY KEY (`sno`)
) ENGINE=InnoDB AUTO_INCREMENT=7 DEFAULT CHARSET=utf8 COLLATE=utf8_general_ci;

-- 테이블 데이터 javacafe.shop:~0 rows (대략적) 내보내기
/*!40000 ALTER TABLE `shop` DISABLE KEYS */;
INSERT INTO `shop` (`sno`, `moddate`, `regdate`, `cphone`, `rno`, `scount`, `sid`, `sprice`, `rname`, `rprice`) VALUES
	(1, '2023-03-16 14:25:59.225010', '2023-03-16 14:25:59.225010', NULL, 1, 4, '20230316-142559', 12000, '아메리카노', 3000),
	(2, '2023-03-16 14:27:58.124015', '2023-03-16 14:27:58.124015', NULL, 1, 1, '20230316-142758', 3000, '아메리카노', 3000),
	(3, '2023-03-16 14:27:58.125966', '2023-03-16 14:27:58.125966', NULL, 2, 1, '20230316-142758', 2500, '카페 라떼', 2500),
	(4, '2023-03-16 14:35:23.573203', '2023-03-16 14:35:23.573203', NULL, 2, 2, '20230316-143523', 5000, '카페 라떼', 2500),
	(5, '2023-03-16 14:35:23.573203', '2023-03-16 14:35:23.573203', NULL, 1, 2, '20230316-143523', 6000, '아메리카노', 3000),
	(6, '2023-03-16 14:35:23.580035', '2023-03-16 14:35:23.580035', NULL, 3, 2, '20230316-143523', 3200, '카페 메뉴 3', 1600);
/*!40000 ALTER TABLE `shop` ENABLE KEYS */;

-- 테이블 javacafe.shop_state 구조 내보내기
CREATE TABLE IF NOT EXISTS `shop_state` (
  `ssno` bigint(20) NOT NULL AUTO_INCREMENT,
  `moddate` datetime(6) DEFAULT NULL,
  `regdate` datetime(6) DEFAULT NULL,
  `cphone` varchar(255) DEFAULT NULL,
  `sid` varchar(255) DEFAULT NULL,
  `ssstate` bigint(20) DEFAULT NULL,
  `sstotal` bigint(20) DEFAULT NULL,
  `sstoday` bigint(20) DEFAULT NULL,
  PRIMARY KEY (`ssno`)
) ENGINE=InnoDB AUTO_INCREMENT=4 DEFAULT CHARSET=utf8 COLLATE=utf8_general_ci;

-- 테이블 데이터 javacafe.shop_state:~0 rows (대략적) 내보내기
/*!40000 ALTER TABLE `shop_state` DISABLE KEYS */;
INSERT INTO `shop_state` (`ssno`, `moddate`, `regdate`, `cphone`, `sid`, `ssstate`, `sstotal`, `sstoday`) VALUES
	(1, '2023-03-16 14:26:06.345838', '2023-03-16 14:25:59.234304', '010-1111-1111', '20230316-142559', 0, 12000, 1),
	(2, '2023-03-16 14:27:58.139629', '2023-03-16 14:27:58.139629', NULL, '20230316-142758', 0, 5500, 2),
	(3, '2023-03-16 14:35:33.774175', '2023-03-16 14:35:23.593711', '010-4451-0515', '20230316-143523', 0, 14200, 3);
/*!40000 ALTER TABLE `shop_state` ENABLE KEYS */;

-- 테이블 javacafe.staff 구조 내보내기
CREATE TABLE IF NOT EXISTS `staff` (
  `sno` bigint(20) NOT NULL AUTO_INCREMENT,
  `moddate` datetime(6) DEFAULT NULL,
  `regdate` datetime(6) DEFAULT NULL,
  `saddr` varchar(1000) NOT NULL,
  `sname` varchar(5000) NOT NULL,
  `sphone` int(11) NOT NULL,
  `swork` bit(1) NOT NULL,
  PRIMARY KEY (`sno`)
) ENGINE=InnoDB AUTO_INCREMENT=112 DEFAULT CHARSET=utf8 COLLATE=utf8_general_ci;

-- 테이블 데이터 javacafe.staff:~111 rows (대략적) 내보내기
/*!40000 ALTER TABLE `staff` DISABLE KEYS */;
INSERT INTO `staff` (`sno`, `moddate`, `regdate`, `saddr`, `sname`, `sphone`, `swork`) VALUES
	(1, '2023-03-02 10:18:15.880709', '2023-03-02 10:18:15.880709', 'add...1', 'name...1', 1, b'1'),
	(2, '2023-03-02 10:18:15.942544', '2023-03-02 10:18:15.942544', 'add...2', 'name...2', 2, b'1'),
	(3, '2023-03-02 10:18:15.946533', '2023-03-02 10:18:15.946533', 'add...3', 'name...3', 3, b'1'),
	(4, '2023-03-02 10:18:15.950522', '2023-03-02 10:18:15.950522', 'add...4', 'name...4', 4, b'1'),
	(5, '2023-03-02 10:18:15.954512', '2023-03-02 10:18:15.954512', 'add...5', 'name...5', 5, b'1'),
	(6, '2023-03-02 10:18:15.958501', '2023-03-02 10:18:15.958501', 'add...6', 'name...6', 6, b'1'),
	(7, '2023-03-02 10:18:15.963488', '2023-03-02 10:18:15.963488', 'add...7', 'name...7', 7, b'1'),
	(8, '2023-03-02 10:18:15.968474', '2023-03-02 10:18:15.968474', 'add...8', 'name...8', 8, b'1'),
	(9, '2023-03-02 10:18:15.973461', '2023-03-02 10:18:15.973461', 'add...9', 'name...9', 9, b'1'),
	(10, '2023-03-02 10:18:15.976453', '2023-03-02 10:18:15.976453', 'add...10', 'name...10', 10, b'1'),
	(11, '2023-03-02 10:18:15.980443', '2023-03-02 10:18:15.980443', 'add...11', 'name...11', 11, b'1'),
	(12, '2023-03-02 10:18:15.984432', '2023-03-02 10:18:15.984432', 'add...12', 'name...12', 12, b'1'),
	(13, '2023-03-02 10:18:15.990416', '2023-03-02 10:18:15.990416', 'add...13', 'name...13', 13, b'1'),
	(14, '2023-03-02 10:18:15.996399', '2023-03-02 10:18:15.996399', 'add...14', 'name...14', 14, b'1'),
	(15, '2023-03-02 10:18:16.001387', '2023-03-02 10:18:16.001387', 'add...15', 'name...15', 15, b'1'),
	(16, '2023-03-02 10:18:16.006373', '2023-03-02 10:18:16.006373', 'add...16', 'name...16', 16, b'1'),
	(17, '2023-03-02 10:18:16.010362', '2023-03-02 10:18:16.010362', 'add...17', 'name...17', 17, b'1'),
	(18, '2023-03-02 10:18:16.015349', '2023-03-02 10:18:16.015349', 'add...18', 'name...18', 18, b'1'),
	(19, '2023-03-02 10:18:16.019339', '2023-03-02 10:18:16.019339', 'add...19', 'name...19', 19, b'1'),
	(20, '2023-03-02 10:18:16.023328', '2023-03-02 10:18:16.023328', 'add...20', 'name...20', 20, b'1'),
	(21, '2023-03-02 10:18:16.028314', '2023-03-02 10:18:16.028314', 'add...21', 'name...21', 21, b'1'),
	(22, '2023-03-02 10:18:16.033302', '2023-03-02 10:18:16.033302', 'add...22', 'name...22', 22, b'1'),
	(23, '2023-03-02 10:18:16.037290', '2023-03-02 10:18:16.037290', 'add...23', 'name...23', 23, b'1'),
	(24, '2023-03-02 10:18:16.041280', '2023-03-02 10:18:16.041280', 'add...24', 'name...24', 24, b'1'),
	(25, '2023-03-02 10:18:16.045269', '2023-03-02 10:18:16.045269', 'add...25', 'name...25', 25, b'1'),
	(26, '2023-03-02 10:18:16.050255', '2023-03-02 10:18:16.050255', 'add...26', 'name...26', 26, b'1'),
	(27, '2023-03-02 10:18:16.054246', '2023-03-02 10:18:16.054246', 'add...27', 'name...27', 27, b'1'),
	(28, '2023-03-02 10:18:16.057237', '2023-03-02 10:18:16.057237', 'add...28', 'name...28', 28, b'1'),
	(29, '2023-03-02 10:18:16.061226', '2023-03-02 10:18:16.061226', 'add...29', 'name...29', 29, b'1'),
	(30, '2023-03-02 10:18:16.066213', '2023-03-02 10:18:16.066213', 'add...30', 'name...30', 30, b'1'),
	(31, '2023-03-02 10:18:16.070202', '2023-03-02 10:18:16.070202', 'add...31', 'name...31', 31, b'1'),
	(32, '2023-03-02 10:18:16.075189', '2023-03-02 10:18:16.075189', 'add...32', 'name...32', 32, b'1'),
	(33, '2023-03-02 10:18:16.079178', '2023-03-02 10:18:16.079178', 'add...33', 'name...33', 33, b'1'),
	(34, '2023-03-02 10:18:16.084165', '2023-03-02 10:18:16.084165', 'add...34', 'name...34', 34, b'1'),
	(35, '2023-03-02 10:18:16.087156', '2023-03-02 10:18:16.087156', 'add...35', 'name...35', 35, b'1'),
	(36, '2023-03-02 10:18:16.091146', '2023-03-02 10:18:16.091146', 'add...36', 'name...36', 36, b'1'),
	(37, '2023-03-02 10:18:16.094138', '2023-03-02 10:18:16.094138', 'add...37', 'name...37', 37, b'1'),
	(38, '2023-03-02 10:18:16.099125', '2023-03-02 10:18:16.099125', 'add...38', 'name...38', 38, b'1'),
	(39, '2023-03-02 10:18:16.103114', '2023-03-02 10:18:16.103114', 'add...39', 'name...39', 39, b'1'),
	(40, '2023-03-02 10:18:16.107104', '2023-03-02 10:18:16.107104', 'add...40', 'name...40', 40, b'1'),
	(41, '2023-03-02 10:18:16.111092', '2023-03-02 10:18:16.111092', 'add...41', 'name...41', 41, b'1'),
	(42, '2023-03-02 10:18:16.116080', '2023-03-02 10:18:16.116080', 'add...42', 'name...42', 42, b'1'),
	(43, '2023-03-02 10:18:16.120069', '2023-03-02 10:18:16.120069', 'add...43', 'name...43', 43, b'1'),
	(44, '2023-03-02 10:18:16.126053', '2023-03-02 10:18:16.126053', 'add...44', 'name...44', 44, b'1'),
	(45, '2023-03-02 10:18:16.130043', '2023-03-02 10:18:16.130043', 'add...45', 'name...45', 45, b'1'),
	(46, '2023-03-02 10:18:16.134032', '2023-03-02 10:18:16.134032', 'add...46', 'name...46', 46, b'1'),
	(47, '2023-03-02 10:18:16.137023', '2023-03-02 10:18:16.137023', 'add...47', 'name...47', 47, b'1'),
	(48, '2023-03-02 10:18:16.145002', '2023-03-02 10:18:16.145002', 'add...48', 'name...48', 48, b'1'),
	(49, '2023-03-02 10:18:16.152981', '2023-03-02 10:18:16.152981', 'add...49', 'name...49', 49, b'1'),
	(50, '2023-03-02 10:18:16.158966', '2023-03-02 10:18:16.158966', 'add...50', 'name...50', 50, b'1'),
	(51, '2023-03-02 10:18:16.164949', '2023-03-02 10:18:16.164949', 'add...51', 'name...51', 51, b'1'),
	(52, '2023-03-02 10:18:16.171930', '2023-03-02 10:18:16.171930', 'add...52', 'name...52', 52, b'1'),
	(53, '2023-03-02 10:18:16.176916', '2023-03-02 10:18:16.176916', 'add...53', 'name...53', 53, b'1'),
	(54, '2023-03-02 10:18:16.181904', '2023-03-02 10:18:16.181904', 'add...54', 'name...54', 54, b'1'),
	(55, '2023-03-02 10:18:16.185893', '2023-03-02 10:18:16.185893', 'add...55', 'name...55', 55, b'1'),
	(56, '2023-03-02 10:18:16.189883', '2023-03-02 10:18:16.189883', 'add...56', 'name...56', 56, b'1'),
	(57, '2023-03-02 10:18:16.193872', '2023-03-02 10:18:16.193872', 'add...57', 'name...57', 57, b'1'),
	(58, '2023-03-02 10:18:16.197860', '2023-03-02 10:18:16.197860', 'add...58', 'name...58', 58, b'1'),
	(59, '2023-03-02 10:18:16.203845', '2023-03-02 10:18:16.203845', 'add...59', 'name...59', 59, b'1'),
	(60, '2023-03-02 10:18:16.209829', '2023-03-02 10:18:16.209829', 'add...60', 'name...60', 60, b'1'),
	(61, '2023-03-02 10:18:16.214815', '2023-03-02 10:18:16.214815', 'add...61', 'name...61', 61, b'1'),
	(62, '2023-03-02 10:18:16.217808', '2023-03-02 10:18:16.217808', 'add...62', 'name...62', 62, b'1'),
	(63, '2023-03-02 10:18:16.221797', '2023-03-02 10:18:16.221797', 'add...63', 'name...63', 63, b'1'),
	(64, '2023-03-02 10:18:16.226784', '2023-03-02 10:18:16.226784', 'add...64', 'name...64', 64, b'1'),
	(65, '2023-03-02 10:18:16.231771', '2023-03-02 10:18:16.231771', 'add...65', 'name...65', 65, b'1'),
	(66, '2023-03-02 10:18:16.236756', '2023-03-02 10:18:16.236756', 'add...66', 'name...66', 66, b'1'),
	(67, '2023-03-02 10:18:16.238751', '2023-03-02 10:18:16.238751', 'add...67', 'name...67', 67, b'1'),
	(68, '2023-03-02 10:18:16.241744', '2023-03-02 10:18:16.241744', 'add...68', 'name...68', 68, b'1'),
	(69, '2023-03-02 10:18:16.244735', '2023-03-02 10:18:16.244735', 'add...69', 'name...69', 69, b'1'),
	(70, '2023-03-02 10:18:16.248725', '2023-03-02 10:18:16.248725', 'add...70', 'name...70', 70, b'1'),
	(71, '2023-03-02 10:18:16.251716', '2023-03-02 10:18:16.251716', 'add...71', 'name...71', 71, b'1'),
	(72, '2023-03-02 10:18:16.254709', '2023-03-02 10:18:16.254709', 'add...72', 'name...72', 72, b'1'),
	(73, '2023-03-02 10:18:16.258698', '2023-03-02 10:18:16.258698', 'add...73', 'name...73', 73, b'1'),
	(74, '2023-03-02 10:18:16.261690', '2023-03-02 10:18:16.261690', 'add...74', 'name...74', 74, b'1'),
	(75, '2023-03-02 10:18:16.265680', '2023-03-02 10:18:16.265680', 'add...75', 'name...75', 75, b'1'),
	(76, '2023-03-02 10:18:16.268671', '2023-03-02 10:18:16.268671', 'add...76', 'name...76', 76, b'1'),
	(77, '2023-03-02 10:18:16.270665', '2023-03-02 10:18:16.270665', 'add...77', 'name...77', 77, b'1'),
	(78, '2023-03-02 10:18:16.274655', '2023-03-02 10:18:16.274655', 'add...78', 'name...78', 78, b'1'),
	(79, '2023-03-02 10:18:16.276649', '2023-03-02 10:18:16.276649', 'add...79', 'name...79', 79, b'1'),
	(80, '2023-03-02 10:18:16.279641', '2023-03-02 10:18:16.279641', 'add...80', 'name...80', 80, b'1'),
	(81, '2023-03-02 10:18:16.282634', '2023-03-02 10:18:16.282634', 'add...81', 'name...81', 81, b'1'),
	(82, '2023-03-02 10:18:16.286625', '2023-03-02 10:18:16.286625', 'add...82', 'name...82', 82, b'1'),
	(83, '2023-03-02 10:18:16.289616', '2023-03-02 10:18:16.289616', 'add...83', 'name...83', 83, b'1'),
	(84, '2023-03-02 10:18:16.292607', '2023-03-02 10:18:16.292607', 'add...84', 'name...84', 84, b'1'),
	(85, '2023-03-02 10:18:16.294602', '2023-03-02 10:18:16.294602', 'add...85', 'name...85', 85, b'1'),
	(86, '2023-03-02 10:18:16.301583', '2023-03-02 10:18:16.301583', 'add...86', 'name...86', 86, b'1'),
	(87, '2023-03-02 10:18:16.305573', '2023-03-02 10:18:16.305573', 'add...87', 'name...87', 87, b'1'),
	(88, '2023-03-02 10:18:16.308565', '2023-03-02 10:18:16.308565', 'add...88', 'name...88', 88, b'1'),
	(89, '2023-03-02 10:18:16.311557', '2023-03-02 10:18:16.311557', 'add...89', 'name...89', 89, b'1'),
	(90, '2023-03-02 10:18:16.314548', '2023-03-02 10:18:16.314548', 'add...90', 'name...90', 90, b'1'),
	(91, '2023-03-02 10:18:16.317540', '2023-03-02 10:18:16.317540', 'add...91', 'name...91', 91, b'1'),
	(92, '2023-03-02 10:18:16.320533', '2023-03-02 10:18:16.320533', 'add...92', 'name...92', 92, b'1'),
	(93, '2023-03-02 10:18:16.323524', '2023-03-02 10:18:16.323524', 'add...93', 'name...93', 93, b'1'),
	(94, '2023-03-02 10:18:16.325519', '2023-03-02 10:18:16.325519', 'add...94', 'name...94', 94, b'1'),
	(95, '2023-03-02 10:18:16.328511', '2023-03-02 10:18:16.328511', 'add...95', 'name...95', 95, b'1'),
	(96, '2023-03-02 10:18:16.332501', '2023-03-02 10:18:16.332501', 'add...96', 'name...96', 96, b'1'),
	(97, '2023-03-02 10:18:16.335492', '2023-03-02 10:18:16.335492', 'add...97', 'name...97', 97, b'1'),
	(98, '2023-03-02 10:18:16.337487', '2023-03-02 10:18:16.337487', 'add...98', 'name...98', 98, b'1'),
	(99, '2023-03-02 11:15:55.376953', '2023-03-02 10:18:16.341476', 'name...99', 'add...99', 99, b'1'),
	(100, '2023-03-02 10:25:31.362905', '2023-03-02 10:18:16.343471', 'name...100', 'add...100수정', 100111, b'0'),
	(101, '2023-03-02 13:08:41.923261', '2023-03-02 13:08:41.923261', '11', '박명수', 1039150416, b'1'),
	(102, '2023-03-02 17:32:36.190470', '2023-03-02 17:32:36.190470', '123', '3조ㅓ', 1234, b'1'),
	(103, '2023-03-02 17:46:22.992985', '2023-03-02 17:46:22.992985', '123123', '3조류', 123123, b'1'),
	(104, '2023-03-02 17:49:04.357880', '2023-03-02 17:49:04.357880', '123123', '3조류들', 123123, b'1'),
	(105, '2023-03-02 17:53:50.781322', '2023-03-02 17:53:50.781322', '123', 'ㅁㄴㅇ', 123, b'1'),
	(106, '2023-03-02 17:58:57.980150', '2023-03-02 17:58:57.980150', '11121', '121', 1212, b'1'),
	(107, '2023-03-03 11:22:59.982447', '2023-03-03 11:22:59.982447', '파일테스트', 'name...', 8, b'1'),
	(108, '2023-03-03 11:55:24.119870', '2023-03-03 11:55:24.119870', '11', '3조류', 11, b'1'),
	(109, '2023-03-03 11:57:41.162318', '2023-03-03 11:57:41.162318', '11231', '박성배', 1123, b'1'),
	(110, '2023-03-10 09:48:42.257413', '2023-03-03 12:23:29.393777', 'asd', 'asd', 123, b'0'),
	(111, '2023-03-03 12:52:12.994037', '2023-03-03 12:52:12.994037', '123', '123', 123, b'1');
/*!40000 ALTER TABLE `staff` ENABLE KEYS */;

-- 테이블 javacafe.staffimage 구조 내보내기
CREATE TABLE IF NOT EXISTS `staffimage` (
  `uuid` varchar(255) NOT NULL,
  `file_name` varchar(255) DEFAULT NULL,
  `ord` int(11) NOT NULL,
  `staff_sno` bigint(20) DEFAULT NULL,
  PRIMARY KEY (`uuid`),
  KEY `FK1m6yxrxqc6bt0yptj74m3sun3` (`staff_sno`),
  CONSTRAINT `FK1m6yxrxqc6bt0yptj74m3sun3` FOREIGN KEY (`staff_sno`) REFERENCES `staff` (`sno`)
) ENGINE=InnoDB DEFAULT CHARSET=utf8 COLLATE=utf8_general_ci;

-- 테이블 데이터 javacafe.staffimage:~0 rows (대략적) 내보내기
/*!40000 ALTER TABLE `staffimage` DISABLE KEYS */;
/*!40000 ALTER TABLE `staffimage` ENABLE KEYS */;

/*!40101 SET SQL_MODE=IFNULL(@OLD_SQL_MODE, '') */;
/*!40014 SET FOREIGN_KEY_CHECKS=IFNULL(@OLD_FOREIGN_KEY_CHECKS, 1) */;
/*!40101 SET CHARACTER_SET_CLIENT=@OLD_CHARACTER_SET_CLIENT */;
/*!40111 SET SQL_NOTES=IFNULL(@OLD_SQL_NOTES, 1) */;
